Year,Area of residence,Districts,Value
2010,,,44.5
2010,Urban,,52.8
2010,Rural,,39.5
2010,,Mun. Chisinau,50.2
2010,,North,73.5
2010,,mun. Balti,
2010,,Briceni,
2010,,Donduseni,
2010,,Drochia,110.6
2010,,Edinet,225.2
2010,,Falesti,91.1
2010,,Floresti,
2010,,Glodeni,
2010,,Ocnita,
2010,,Rascani,
2010,,Sangerei,176.5
2010,,Soroca,190.3
2010,,Centre,22.7
2010,,Anenii Noi,101.2
2010,,Calarasi,
2010,,Criuleni,
2010,,Dubasari,
2010,,Hancesti,
2010,,Ialoveni,68.7
2010,,Nisporeni,134.4
2010,,Orhei,
2010,,Rezina,
2010,,Straseni,
2010,,Soldanesti,
2010,,Telenesti,
2010,,Ungheni,
2010,,South,32.4
2010,,Basarabeasca,
2010,,Cahul,65.6
2010,,Cantemir,
2010,,Causeni,
2010,,Cimislia,
2010,,Leova,
2010,,Stefan Voda,120.2
2010,,Taraclia,
2010,,TAU Gagauzia,49.0
2011,,,15.3
2011,Urban,,6.8
2011,Rural,,20.3
2011,,Mun. Chisinau,
2011,,North,38.4
2011,,mun. Balti,
2011,,Briceni,
2011,,Donduseni,
2011,,Drochia,116.1
2011,,Edinet,
2011,,Falesti,268.6
2011,,Floresti,
2011,,Glodeni,
2011,,Ocnita,
2011,,Rascani,
2011,,Sangerei,
2011,,Soroca,
2011,,Centre,15.6
2011,,Anenii Noi,
2011,,Calarasi,112.5
2011,,Criuleni,
2011,,Dubasari,
2011,,Hancesti,
2011,,Ialoveni,
2011,,Nisporeni,
2011,,Orhei,
2011,,Rezina,
2011,,Straseni,
2011,,Soldanesti,
2011,,Telenesti,116.0
2011,,Ungheni,
2011,,South,
2011,,Basarabeasca,
2011,,Cahul,
2011,,Cantemir,
2011,,Causeni,
2011,,Cimislia,
2011,,Leova,
2011,,Stefan Voda,
2011,,Taraclia,
2011,,TAU Gagauzia,
2012,,,30.4
2012,Urban,,13.4
2012,Rural,,40.7
2012,,Mun. Chisinau,12.8
2012,,North,37.9
2012,,mun. Balti,
2012,,Briceni,136.1
2012,,Donduseni,
2012,,Drochia,
2012,,Edinet,122.1
2012,,Falesti,86.1
2012,,Floresti,
2012,,Glodeni,
2012,,Ocnita,
2012,,Rascani,
2012,,Sangerei,84.4
2012,,Soroca,
2012,,Centre,31.2
2012,,Anenii Noi,
2012,,Calarasi,
2012,,Criuleni,105.3
2012,,Dubasari,
2012,,Hancesti,73.6
2012,,Ialoveni,
2012,,Nisporeni,265.3
2012,,Orhei,
2012,,Rezina,
2012,,Straseni,
2012,,Soldanesti,
2012,,Telenesti,
2012,,Ungheni,
2012,,South,17.0
2012,,Basarabeasca,
2012,,Cahul,72.5
2012,,Cantemir,
2012,,Causeni,
2012,,Cimislia,
2012,,Leova,
2012,,Stefan Voda,
2012,,Taraclia,
2012,,TAU Gagauzia,96.9
2013,,,15.8
2013,Urban,,7.1
2013,Rural,,20.9
2013,,Mun. Chisinau,
2013,,North,19.7
2013,,mun. Balti,
2013,,Briceni,
2013,,Donduseni,
2013,,Drochia,
2013,,Edinet,
2013,,Falesti,
2013,,Floresti,
2013,,Glodeni,
2013,,Ocnita,
2013,,Rascani,
2013,,Sangerei,86.5
2013,,Soroca,106.2
2013,,Centre,16.0
2013,,Anenii Noi,
2013,,Calarasi,
2013,,Criuleni,
2013,,Dubasari,
2013,,Hancesti,
2013,,Ialoveni,
2013,,Nisporeni,
2013,,Orhei,66.6
2013,,Rezina,177.9
2013,,Straseni,
2013,,Soldanesti,
2013,,Telenesti,
2013,,Ungheni,
2013,,South,33.9
2013,,Basarabeasca,
2013,,Cahul,
2013,,Cantemir,
2013,,Causeni,
2013,,Cimislia,175.1
2013,,Leova,
2013,,Stefan Voda,120.6
2013,,Taraclia,
2013,,TAU Gagauzia,
2014,,,14.7
2014,Urban,,6.5
2014,Rural,,19.7
2014,,Mun. Chisinau,11.8
2014,,North,18.7
2014,,mun. Balti,
2014,,Briceni,
2014,,Donduseni,
2014,,Drochia,
2014,,Edinet,
2014,,Falesti,
2014,,Floresti,95.1
2014,,Glodeni,143.9
2014,,Ocnita,
2014,,Rascani,
2014,,Sangerei,
2014,,Soroca,
2014,,Centre,14.7
2014,,Anenii Noi,
2014,,Calarasi,
2014,,Criuleni,
2014,,Dubasari,
2014,,Hancesti,
2014,,Ialoveni,
2014,,Nisporeni,
2014,,Orhei,
2014,,Rezina,
2014,,Straseni,
2014,,Soldanesti,
2014,,Telenesti,107.1
2014,,Ungheni,63.9
2014,,South,
2014,,Basarabeasca,
2014,,Cahul,
2014,,Cantemir,
2014,,Causeni,
2014,,Cimislia,
2014,,Leova,
2014,,Stefan Voda,
2014,,Taraclia,
2014,,TAU Gagauzia,51.4
2015,,,29.6
2015,Urban,,13.4
2015,Rural,,39.1
2015,,Mun. Chisinau,12.1
2015,,North,28.0
2015,,mun. Balti,
2015,,Briceni,
2015,,Donduseni,227.8
2015,,Drochia,104.5
2015,,Edinet,
2015,,Falesti,
2015,,Floresti,96.4
2015,,Glodeni,
2015,,Ocnita,
2015,,Rascani,
2015,,Sangerei,
2015,,Soroca,
2015,,Centre,36.8
2015,,Anenii Noi,
2015,,Calarasi,98.7
2015,,Criuleni,196.3
2015,,Dubasari,
2015,,Hancesti,
2015,,Ialoveni,
2015,,Nisporeni,
2015,,Orhei,63.7
2015,,Rezina,
2015,,Straseni,79.7
2015,,Soldanesti,
2015,,Telenesti,
2015,,Ungheni,
2015,,South,48.8
2015,,Basarabeasca,
2015,,Cahul,142.1
2015,,Cantemir,
2015,,Causeni,
2015,,Cimislia,163.7
2015,,Leova,
2015,,Stefan Voda,
2015,,Taraclia,
2015,,TAU Gagauzia,
2016,,,17.7
2016,Urban,,40.1
2016,Rural,,4.1
2016,,Mun. Chisinau,47.3
2016,,North,
2016,,mun. Balti,
2016,,Briceni,
2016,,Donduseni,
2016,,Drochia,
2016,,Edinet,
2016,,Falesti,
2016,,Floresti,
2016,,Glodeni,
2016,,Ocnita,
2016,,Rascani,
2016,,Sangerei,
2016,,Soroca,
2016,,Centre,7.6
2016,,Anenii Noi,
2016,,Calarasi,
2016,,Criuleni,
2016,,Dubasari,
2016,,Hancesti,
2016,,Ialoveni,
2016,,Nisporeni,
2016,,Orhei,64.9
2016,,Rezina,
2016,,Straseni,
2016,,Soldanesti,
2016,,Telenesti,
2016,,Ungheni,
2016,,South,34.4
2016,,Basarabeasca,
2016,,Cahul,
2016,,Cantemir,
2016,,Causeni,98.3
2016,,Cimislia,
2016,,Leova,
2016,,Stefan Voda,
2016,,Taraclia,256.4
2016,,TAU Gagauzia,
2017,,,16.5
2017,Urban,,7.2
2017,Rural,,22.2
2017,,Mun. Chisinau,
2017,,North,20.7
2017,,mun. Balti,78.7
2017,,Briceni,156.7
2017,,Donduseni,
2017,,Drochia,
2017,,Edinet,
2017,,Falesti,
2017,,Floresti,
2017,,Glodeni,
2017,,Ocnita,
2017,,Rascani,
2017,,Sangerei,
2017,,Soroca,
2017,,Centre,16.7
2017,,Anenii Noi,
2017,,Calarasi,120.5
2017,,Criuleni,
2017,,Dubasari,
2017,,Hancesti,
2017,,Ialoveni,80.3
2017,,Nisporeni,
2017,,Orhei,
2017,,Rezina,
2017,,Straseni,
2017,,Soldanesti,
2017,,Telenesti,
2017,,Ungheni,
2017,,South,37.3
2017,,Basarabeasca,
2017,,Cahul,81.4
2017,,Cantemir,153.6
2017,,Causeni,
2017,,Cimislia,
2017,,Leova,
2017,,Stefan Voda,
2017,,Taraclia,
2017,,TAU Gagauzia,
2018,,,14.5
2018,Urban,,
2018,Rural,,23.5
2018,,Mun. Chisinau,
2018,,North,32.9
2018,,mun. Balti,
2018,,Briceni,
2018,,Donduseni,223.7
2018,,Drochia,
2018,,Edinet,
2018,,Falesti,212.3
2018,,Floresti,
2018,,Glodeni,
2018,,Ocnita,
2018,,Rascani,
2018,,Sangerei,
2018,,Soroca,
2018,,Centre,8.9
2018,,Anenii Noi,
2018,,Calarasi,
2018,,Criuleni,
2018,,Dubasari,
2018,,Hancesti,
2018,,Ialoveni,
2018,,Nisporeni,
2018,,Orhei,77.3
2018,,Rezina,
2018,,Straseni,
2018,,Soldanesti,
2018,,Telenesti,
2018,,Ungheni,
2018,,South,20.2
2018,,Basarabeasca,
2018,,Cahul,
2018,,Cantemir,
2018,,Causeni,
2018,,Cimislia,
2018,,Leova,
2018,,Stefan Voda,137.0
2018,,Taraclia,
2018,,TAU Gagauzia,
2019,,,15.4
2019,Urban,,15.7
2019,Rural,,15.3
2019,,Mun. Chisinau,26.7
2019,,North,11.9
2019,,mun. Balti,
2019,,Briceni,
2019,,Donduseni,
2019,,Drochia,
2019,,Edinet,
2019,,Falesti,
2019,,Floresti,124.7
2019,,Glodeni,
2019,,Ocnita,
2019,,Rascani,
2019,,Sangerei,
2019,,Soroca,
2019,,Centre,19.4
2019,,Anenii Noi,
2019,,Calarasi,139.5
2019,,Criuleni,
2019,,Dubasari,
2019,,Hancesti,
2019,,Ialoveni,
2019,,Nisporeni,
2019,,Orhei,
2019,,Rezina,
2019,,Straseni,
2019,,Soldanesti,
2019,,Telenesti,
2019,,Ungheni,83.6
2019,,South,
2019,,Basarabeasca,
2019,,Cahul,
2019,,Cantemir,
2019,,Causeni,
2019,,Cimislia,
2019,,Leova,
2019,,Stefan Voda,
2019,,Taraclia,
2019,,TAU Gagauzia,
2020,,,16.2
2020,Urban,,24.6
2020,Rural,,10.7
2020,,Mun. Chisinau,13.7
2020,,North,12.7
2020,,mun. Balti,
2020,,Briceni,
2020,,Donduseni,
2020,,Drochia,
2020,,Edinet,
2020,,Falesti,
2020,,Floresti,
2020,,Glodeni,
2020,,Ocnita,271.7
2020,,Rascani,
2020,,Sangerei,
2020,,Soroca,
2020,,Centre,20.4
2020,,Anenii Noi,
2020,,Calarasi,
2020,,Criuleni,134.6
2020,,Dubasari,
2020,,Hancesti,
2020,,Ialoveni,
2020,,Nisporeni,
2020,,Orhei,
2020,,Rezina,
2020,,Straseni,
2020,,Soldanesti,229.9
2020,,Telenesti,
2020,,Ungheni,
2020,,South,23.1
2020,,Basarabeasca,
2020,,Cahul,104.9
2020,,Cantemir,
2020,,Causeni,
2020,,Cimislia,
2020,,Leova,
2020,,Stefan Voda,
2020,,Taraclia,
2020,,TAU Gagauzia,
2021,,,47.9
2021,Urban,,50.7
2021,Rural,,46.0
2021,,Mun. Chisinau,28.6
2021,,North,65.8
2021,,mun. Balti,181.2
2021,,Briceni,
2021,,Donduseni,
2021,,Drochia,
2021,,Edinet,167.8
2021,,Falesti,
2021,,Floresti,144.3
2021,,Glodeni,
2021,,Ocnita,
2021,,Rascani,
2021,,Sangerei,
2021,,Soroca,135.9
2021,,Centre,65.9
2021,,Anenii Noi,138.5
2021,,Calarasi,163.9
2021,,Criuleni,144.5
2021,,Dubasari,
2021,,Hancesti,
2021,,Ialoveni,105.2
2021,,Nisporeni,
2021,,Orhei,
2021,,Rezina,234.2
2021,,Straseni,
2021,,Soldanesti,
2021,,Telenesti,
2021,,Ungheni,94.4
2021,,South,24.5
2021,,Basarabeasca,
2021,,Cahul,112.0
2021,,Cantemir,
2021,,Causeni,
2021,,Cimislia,
2021,,Leova,
2021,,Stefan Voda,
2021,,Taraclia,
2021,,TAU Gagauzia,
2022,,,
2022,Urban,,
2022,Rural,,
2022,,Mun. Chisinau,
2022,,North,
2022,,mun. Balti,
2022,,Briceni,
2022,,Donduseni,
2022,,Drochia,
2022,,Edinet,
2022,,Falesti,
2022,,Floresti,
2022,,Glodeni,
2022,,Ocnita,
2022,,Rascani,
2022,,Sangerei,
2022,,Soroca,
2022,,Centre,
2022,,Anenii Noi,
2022,,Calarasi,
2022,,Criuleni,
2022,,Dubasari,
2022,,Hancesti,
2022,,Ialoveni,
2022,,Nisporeni,
2022,,Orhei,
2022,,Rezina,
2022,,Straseni,
2022,,Soldanesti,
2022,,Telenesti,
2022,,Ungheni,
2022,,South,
2022,,Basarabeasca,
2022,,Cahul,
2022,,Cantemir,
2022,,Causeni,
2022,,Cimislia,
2022,,Leova,
2022,,Stefan Voda,
2022,,Taraclia,
2022,,TAU Gagauzia,
