Year,Indicators,Districts,Value
2014,,,45.3
2014,Number of paramedical personnel per 10 000 population,,91.1
2014,Number of dentists per 10 000 population,,6.2
2014,Number of pharmacists per 10 000 population,,6.7
2014,,Mun. Chisinau,33.4
2014,,North,23.9
2014,,mun. Balti,45.7
2014,,Briceni,21.0
2014,,Donduseni,24.9
2014,,Drochia,21.2
2014,,Edinet,25.7
2014,,Falesti,13.5
2014,,Floresti,20.0
2014,,Glodeni,20.1
2014,,Ocnita,21.4
2014,,Rascani,21.7
2014,,Sangerei,16.4
2014,,Soroca,25.6
2014,,Centre,19.0
2014,,Anenii Noi,19.1
2014,,Calarasi,18.7
2014,,Criuleni,18.6
2014,,Dubasari,10.7
2014,,Hancesti,19.5
2014,,Ialoveni,20.5
2014,,Nisporeni,19.1
2014,,Orhei,21.2
2014,,Rezina,17.6
2014,,Straseni,20.1
2014,,Soldanesti,19.2
2014,,Telenesti,18.9
2014,,Ungheni,17.8
2014,,South,18.2
2014,,Basarabeasca,23.8
2014,,Cahul,22.8
2014,,Cantemir,14.1
2014,,Causeni,15.9
2014,,Cimislia,19.2
2014,,Leova,15.4
2014,,Stefan Voda,16.9
2014,,Taraclia,16.7
2014,,TAU Gagauzia,25.7
2015,,,46.0
2015,Number of paramedical personnel per 10 000 population,,87.1
2015,Number of dentists per 10 000 population,,6.3
2015,Number of pharmacists per 10 000 population,,6.6
2015,,Mun. Chisinau,32.9
2015,,North,23.6
2015,,mun. Balti,45.4
2015,,Briceni,20.7
2015,,Donduseni,23.5
2015,,Drochia,20.9
2015,,Edinet,25.8
2015,,Falesti,13.0
2015,,Floresti,19.2
2015,,Glodeni,19.3
2015,,Ocnita,21.1
2015,,Rascani,21.2
2015,,Sangerei,16.7
2015,,Soroca,25.6
2015,,Centre,19.2
2015,,Anenii Noi,19.0
2015,,Calarasi,20.8
2015,,Criuleni,18.9
2015,,Dubasari,12.5
2015,,Hancesti,21.2
2015,,Ialoveni,20.0
2015,,Nisporeni,18.6
2015,,Orhei,21.3
2015,,Rezina,16.6
2015,,Straseni,20.3
2015,,Soldanesti,19.2
2015,,Telenesti,18.7
2015,,Ungheni,16.8
2015,,South,18.4
2015,,Basarabeasca,23.2
2015,,Cahul,22.3
2015,,Cantemir,15.0
2015,,Causeni,17.4
2015,,Cimislia,19.8
2015,,Leova,15.5
2015,,Stefan Voda,16.6
2015,,Taraclia,15.9
2015,,TAU Gagauzia,25.2
2016,,,46.9
2016,Number of paramedical personnel per 10 000 population,,91.6
2016,Number of dentists per 10 000 population,,6.2
2016,Number of pharmacists per 10 000 population,,5.9
2016,,Mun. Chisinau,33.2
2016,,North,23.8
2016,,mun. Balti,47.8
2016,,Briceni,21.4
2016,,Donduseni,22.7
2016,,Drochia,19.0
2016,,Edinet,27.2
2016,,Falesti,13.5
2016,,Floresti,19.0
2016,,Glodeni,19.6
2016,,Ocnita,20.5
2016,,Rascani,20.2
2016,,Sangerei,17.0
2016,,Soroca,25.0
2016,,Centre,19.9
2016,,Anenii Noi,20.1
2016,,Calarasi,22.6
2016,,Criuleni,20.2
2016,,Dubasari,12.6
2016,,Hancesti,21.5
2016,,Ialoveni,20.4
2016,,Nisporeni,19.0
2016,,Orhei,22.4
2016,,Rezina,18.6
2016,,Straseni,20.4
2016,,Soldanesti,19.5
2016,,Telenesti,18.4
2016,,Ungheni,16.9
2016,,South,18.6
2016,,Basarabeasca,21.7
2016,,Cahul,23.4
2016,,Cantemir,15.9
2016,,Causeni,16.8
2016,,Cimislia,21.7
2016,,Leova,14.9
2016,,Stefan Voda,16.4
2016,,Taraclia,15.7
2016,,TAU Gagauzia,24.8
2017,,,47.7
2017,Number of paramedical personnel per 10 000 population,,92.0
2017,Number of dentists per 10 000 population,,6.3
2017,Number of pharmacists per 10 000 population,,6.0
2017,,Mun. Chisinau,32.6
2017,,North,23.7
2017,,mun. Balti,47.5
2017,,Briceni,22.1
2017,,Donduseni,22.5
2017,,Drochia,18.1
2017,,Edinet,27.6
2017,,Falesti,13.8
2017,,Floresti,19.1
2017,,Glodeni,19.7
2017,,Ocnita,19.5
2017,,Rascani,19.9
2017,,Sangerei,16.9
2017,,Soroca,24.9
2017,,Centre,20.7
2017,,Anenii Noi,21.6
2017,,Calarasi,23.4
2017,,Criuleni,20.9
2017,,Dubasari,13.0
2017,,Hancesti,21.6
2017,,Ialoveni,22.1
2017,,Nisporeni,19.9
2017,,Orhei,23.5
2017,,Rezina,18.6
2017,,Straseni,21.7
2017,,Soldanesti,18.2
2017,,Telenesti,19.9
2017,,Ungheni,17.6
2017,,South,19.2
2017,,Basarabeasca,24.0
2017,,Cahul,24.9
2017,,Cantemir,15.6
2017,,Causeni,17.2
2017,,Cimislia,22.7
2017,,Leova,14.7
2017,,Stefan Voda,17.0
2017,,Taraclia,14.8
2017,,TAU Gagauzia,23.9
2018,,,47.1
2018,Number of paramedical personnel per 10 000 population,,89.3
2018,Number of dentists per 10 000 population,,6.4
2018,Number of pharmacists per 10 000 population,,6.3
2018,,Mun. Chisinau,31.7
2018,,North,23.2
2018,,mun. Balti,45.1
2018,,Briceni,21.9
2018,,Donduseni,21.4
2018,,Drochia,18.3
2018,,Edinet,27.8
2018,,Falesti,13.8
2018,,Floresti,18.4
2018,,Glodeni,19.5
2018,,Ocnita,19.3
2018,,Rascani,18.5
2018,,Sangerei,17.1
2018,,Soroca,23.8
2018,,Centre,20.3
2018,,Anenii Noi,20.6
2018,,Calarasi,21.9
2018,,Criuleni,21.4
2018,,Dubasari,14.1
2018,,Hancesti,21.5
2018,,Ialoveni,21.7
2018,,Nisporeni,19.2
2018,,Orhei,24.6
2018,,Rezina,17.8
2018,,Straseni,20.2
2018,,Soldanesti,18.6
2018,,Telenesti,18.6
2018,,Ungheni,17.3
2018,,South,18.7
2018,,Basarabeasca,23.4
2018,,Cahul,23.7
2018,,Cantemir,15.9
2018,,Causeni,17.1
2018,,Cimislia,21.3
2018,,Leova,15.4
2018,,Stefan Voda,16.4
2018,,Taraclia,14.6
2018,,TAU Gagauzia,23.2
2019,,,47.5
2019,Number of paramedical personnel per 10 000 population,,89.2
2019,Number of dentists per 10 000 population,,6.4
2019,Number of pharmacists per 10 000 population,,6.9
2019,,Mun. Chisinau,31.2
2019,,North,23.3
2019,,mun. Balti,44.7
2019,,Briceni,22.8
2019,,Donduseni,21.0
2019,,Drochia,18.2
2019,,Edinet,27.4
2019,,Falesti,13.6
2019,,Floresti,19.0
2019,,Glodeni,19.6
2019,,Ocnita,19.7
2019,,Rascani,18.9
2019,,Sangerei,16.5
2019,,Soroca,24.9
2019,,Centre,20.9
2019,,Anenii Noi,21.4
2019,,Calarasi,22.5
2019,,Criuleni,22.9
2019,,Dubasari,13.6
2019,,Hancesti,20.7
2019,,Ialoveni,21.6
2019,,Nisporeni,20.2
2019,,Orhei,24.3
2019,,Rezina,18.4
2019,,Straseni,21.5
2019,,Soldanesti,20.1
2019,,Telenesti,21.1
2019,,Ungheni,17.9
2019,,South,18.9
2019,,Basarabeasca,23.2
2019,,Cahul,24.1
2019,,Cantemir,15.6
2019,,Causeni,17.7
2019,,Cimislia,20.5
2019,,Leova,16.2
2019,,Stefan Voda,16.6
2019,,Taraclia,14.5
2019,,TAU Gagauzia,23.4
2020,,,47.2
2020,Number of paramedical personnel per 10 000 population,,88.3
2020,Number of dentists per 10 000 population,,6.3
2020,Number of pharmacists per 10 000 population,,4.6
2020,,Mun. Chisinau,30.7
2020,,North,21.9
2020,,mun. Balti,40.4
2020,,Briceni,21.6
2020,,Donduseni,19.3
2020,,Drochia,17.5
2020,,Edinet,26.4
2020,,Falesti,13.3
2020,,Floresti,18.0
2020,,Glodeni,18.7
2020,,Ocnita,18.4
2020,,Rascani,17.2
2020,,Sangerei,16.2
2020,,Soroca,23.2
2020,,Centre,20.2
2020,,Anenii Noi,21.9
2020,,Calarasi,23.0
2020,,Criuleni,20.8
2020,,Dubasari,14.4
2020,,Hancesti,19.4
2020,,Ialoveni,20.7
2020,,Nisporeni,18.6
2020,,Orhei,23.9
2020,,Rezina,15.9
2020,,Straseni,21.6
2020,,Soldanesti,20.5
2020,,Telenesti,19.2
2020,,Ungheni,17.2
2020,,South,18.6
2020,,Basarabeasca,22.3
2020,,Cahul,23.1
2020,,Cantemir,16.1
2020,,Causeni,18.1
2020,,Cimislia,20.8
2020,,Leova,14.7
2020,,Stefan Voda,16.1
2020,,Taraclia,14.6
2020,,TAU Gagauzia,22.5
2021,,,46.9
2021,Number of paramedical personnel per 10 000 population,,92.0
2021,Number of dentists per 10 000 population,,5.9
2021,Number of pharmacists per 10 000 population,,6.7
2021,,Mun. Chisinau,30.3
2021,,North,21.4
2021,,mun. Balti,39.5
2021,,Briceni,20.3
2021,,Donduseni,18.5
2021,,Drochia,17.0
2021,,Edinet,25.7
2021,,Falesti,12.3
2021,,Floresti,17.5
2021,,Glodeni,18.6
2021,,Ocnita,18.0
2021,,Rascani,18.0
2021,,Sangerei,16.2
2021,,Soroca,22.5
2021,,Centre,20.7
2021,,Anenii Noi,22.4
2021,,Calarasi,22.7
2021,,Criuleni,20.4
2021,,Dubasari,14.2
2021,,Hancesti,19.9
2021,,Ialoveni,21.8
2021,,Nisporeni,19.3
2021,,Orhei,24.4
2021,,Rezina,19.3
2021,,Straseni,21.8
2021,,Soldanesti,20.7
2021,,Telenesti,19.5
2021,,Ungheni,17.5
2021,,South,18.8
2021,,Basarabeasca,23.2
2021,,Cahul,22.8
2021,,Cantemir,15.9
2021,,Causeni,20.2
2021,,Cimislia,21.2
2021,,Leova,15.3
2021,,Stefan Voda,14.6
2021,,Taraclia,13.9
2021,,TAU Gagauzia,21.9
2022,,,
2022,Number of paramedical personnel per 10 000 population,,
2022,Number of dentists per 10 000 population,,
2022,Number of pharmacists per 10 000 population,,
2022,,Mun. Chisinau,
2022,,North,
2022,,mun. Balti,
2022,,Briceni,
2022,,Donduseni,
2022,,Drochia,
2022,,Edinet,
2022,,Falesti,
2022,,Floresti,
2022,,Glodeni,
2022,,Ocnita,
2022,,Rascani,
2022,,Sangerei,
2022,,Soroca,
2022,,Centre,
2022,,Anenii Noi,
2022,,Calarasi,
2022,,Criuleni,
2022,,Dubasari,
2022,,Hancesti,
2022,,Ialoveni,
2022,,Nisporeni,
2022,,Orhei,
2022,,Rezina,
2022,,Straseni,
2022,,Soldanesti,
2022,,Telenesti,
2022,,Ungheni,
2022,,South,
2022,,Basarabeasca,
2022,,Cahul,
2022,,Cantemir,
2022,,Causeni,
2022,,Cimislia,
2022,,Leova,
2022,,Stefan Voda,
2022,,Taraclia,
2022,,TAU Gagauzia,
