Year,"Fatal accidents, by sex","Fatal accidents, by economic activities","Non-fatal accidents, by sex","Non-fatal accidents, by economic activities",Value
2010,,,,,
2010,Total,,,,6.6
2010,Men,,,,12.7
2010,Women,,,,1.5
2010,,"Agriculture, forestry and fishing",,,
2010,,Industry,,,
2010,,Mining and quarrying,,,
2010,,Manufacturing,,,
2010,,"Electricity, gas, steam and air conditioning supply",,,
2010,,"Water supply; sewerage, waste management and remediation activities",,,
2010,,Construction,,,
2010,,Wholesale and retail trade; repair of motor vehicles and motorcycles,,,
2010,,Transportation and storage,,,
2010,,Accommodation and food service activities,,,
2010,,Information and communication,,,
2010,,Financial and insurance activities,,,
2010,,Real estate activities,,,
2010,,"Professional, scientific and technical activities",,,
2010,,Administrative and support service activities,,,
2010,,Public administration and defence; compulsory social security,,,
2010,,Education,,,
2010,,Human health and social work activities,,,
2010,,"Arts, entertainment and recreation",,,
2010,,Other service activities,,,
2010,,,Total,,91.4
2010,,,Men,,124.8
2010,,,Women,,60.2
2010,,,,"Agriculture, forestry and fishing",
2010,,,,Industry,
2010,,,,Mining and quarrying,
2010,,,,Manufacturing,
2010,,,,"Electricity, gas, steam and air conditioning supply",
2010,,,,"Water supply; sewerage, waste management and remediation activities",
2010,,,,Construction,
2010,,,,Wholesale and retail trade; repair of motor vehicles and motorcycles,
2010,,,,Transportation and storage,
2010,,,,Accommodation and food service activities,
2010,,,,Information and communication,
2010,,,,Financial and insurance activities,
2010,,,,Real estate activities,
2010,,,,"Professional, scientific and technical activities",
2010,,,,Administrative and support service activities,
2010,,,,Public administration and defence; compulsory social security,
2010,,,,Education,
2010,,,,Human health and social work activities,
2010,,,,"Arts, entertainment and recreation",
2010,,,,Other service activities,
2011,,,,,
2011,Total,,,,4.6
2011,Men,,,,10.2
2011,Women,,,,0.0
2011,,"Agriculture, forestry and fishing",,,
2011,,Industry,,,
2011,,Mining and quarrying,,,
2011,,Manufacturing,,,
2011,,"Electricity, gas, steam and air conditioning supply",,,
2011,,"Water supply; sewerage, waste management and remediation activities",,,
2011,,Construction,,,
2011,,Wholesale and retail trade; repair of motor vehicles and motorcycles,,,
2011,,Transportation and storage,,,
2011,,Accommodation and food service activities,,,
2011,,Information and communication,,,
2011,,Financial and insurance activities,,,
2011,,Real estate activities,,,
2011,,"Professional, scientific and technical activities",,,
2011,,Administrative and support service activities,,,
2011,,Public administration and defence; compulsory social security,,,
2011,,Education,,,
2011,,Human health and social work activities,,,
2011,,"Arts, entertainment and recreation",,,
2011,,Other service activities,,,
2011,,,Total,,66.0
2011,,,Men,,119.3
2011,,,Women,,33.0
2011,,,,"Agriculture, forestry and fishing",
2011,,,,Industry,
2011,,,,Mining and quarrying,
2011,,,,Manufacturing,
2011,,,,"Electricity, gas, steam and air conditioning supply",
2011,,,,"Water supply; sewerage, waste management and remediation activities",
2011,,,,Construction,
2011,,,,Wholesale and retail trade; repair of motor vehicles and motorcycles,
2011,,,,Transportation and storage,
2011,,,,Accommodation and food service activities,
2011,,,,Information and communication,
2011,,,,Financial and insurance activities,
2011,,,,Real estate activities,
2011,,,,"Professional, scientific and technical activities",
2011,,,,Administrative and support service activities,
2011,,,,Public administration and defence; compulsory social security,
2011,,,,Education,
2011,,,,Human health and social work activities,
2011,,,,"Arts, entertainment and recreation",
2011,,,,Other service activities,
2012,,,,,
2012,Total,,,,3.4
2012,Men,,,,6.0
2012,Women,,,,1.2
2012,,"Agriculture, forestry and fishing",,,
2012,,Industry,,,
2012,,Mining and quarrying,,,
2012,,Manufacturing,,,
2012,,"Electricity, gas, steam and air conditioning supply",,,
2012,,"Water supply; sewerage, waste management and remediation activities",,,
2012,,Construction,,,
2012,,Wholesale and retail trade; repair of motor vehicles and motorcycles,,,
2012,,Transportation and storage,,,
2012,,Accommodation and food service activities,,,
2012,,Information and communication,,,
2012,,Financial and insurance activities,,,
2012,,Real estate activities,,,
2012,,"Professional, scientific and technical activities",,,
2012,,Administrative and support service activities,,,
2012,,Public administration and defence; compulsory social security,,,
2012,,Education,,,
2012,,Human health and social work activities,,,
2012,,"Arts, entertainment and recreation",,,
2012,,Other service activities,,,
2012,,,Total,,64.4
2012,,,Men,,91.5
2012,,,Women,,49.9
2012,,,,"Agriculture, forestry and fishing",
2012,,,,Industry,
2012,,,,Mining and quarrying,
2012,,,,Manufacturing,
2012,,,,"Electricity, gas, steam and air conditioning supply",
2012,,,,"Water supply; sewerage, waste management and remediation activities",
2012,,,,Construction,
2012,,,,Wholesale and retail trade; repair of motor vehicles and motorcycles,
2012,,,,Transportation and storage,
2012,,,,Accommodation and food service activities,
2012,,,,Information and communication,
2012,,,,Financial and insurance activities,
2012,,,,Real estate activities,
2012,,,,"Professional, scientific and technical activities",
2012,,,,Administrative and support service activities,
2012,,,,Public administration and defence; compulsory social security,
2012,,,,Education,
2012,,,,Human health and social work activities,
2012,,,,"Arts, entertainment and recreation",
2012,,,,Other service activities,
2013,,,,,
2013,Total,,,,6.2
2013,Men,,,,13.3
2013,Women,,,,0.3
2013,,"Agriculture, forestry and fishing",,,
2013,,Industry,,,
2013,,Mining and quarrying,,,
2013,,Manufacturing,,,
2013,,"Electricity, gas, steam and air conditioning supply",,,
2013,,"Water supply; sewerage, waste management and remediation activities",,,
2013,,Construction,,,
2013,,Wholesale and retail trade; repair of motor vehicles and motorcycles,,,
2013,,Transportation and storage,,,
2013,,Accommodation and food service activities,,,
2013,,Information and communication,,,
2013,,Financial and insurance activities,,,
2013,,Real estate activities,,,
2013,,"Professional, scientific and technical activities",,,
2013,,Administrative and support service activities,,,
2013,,Public administration and defence; compulsory social security,,,
2013,,Education,,,
2013,,Human health and social work activities,,,
2013,,"Arts, entertainment and recreation",,,
2013,,Other service activities,,,
2013,,,Total,,90.6
2013,,,Men,,158.4
2013,,,Women,,45.7
2013,,,,"Agriculture, forestry and fishing",
2013,,,,Industry,
2013,,,,Mining and quarrying,
2013,,,,Manufacturing,
2013,,,,"Electricity, gas, steam and air conditioning supply",
2013,,,,"Water supply; sewerage, waste management and remediation activities",
2013,,,,Construction,
2013,,,,Wholesale and retail trade; repair of motor vehicles and motorcycles,
2013,,,,Transportation and storage,
2013,,,,Accommodation and food service activities,
2013,,,,Information and communication,
2013,,,,Financial and insurance activities,
2013,,,,Real estate activities,
2013,,,,"Professional, scientific and technical activities",
2013,,,,Administrative and support service activities,
2013,,,,Public administration and defence; compulsory social security,
2013,,,,Education,
2013,,,,Human health and social work activities,
2013,,,,"Arts, entertainment and recreation",
2013,,,,Other service activities,
2014,,,,,
2014,Total,,,,5.9
2014,Men,,,,12.7
2014,Women,,,,0.3
2014,,"Agriculture, forestry and fishing",,,
2014,,Industry,,,
2014,,Mining and quarrying,,,
2014,,Manufacturing,,,
2014,,"Electricity, gas, steam and air conditioning supply",,,
2014,,"Water supply; sewerage, waste management and remediation activities",,,
2014,,Construction,,,
2014,,Wholesale and retail trade; repair of motor vehicles and motorcycles,,,
2014,,Transportation and storage,,,
2014,,Accommodation and food service activities,,,
2014,,Information and communication,,,
2014,,Financial and insurance activities,,,
2014,,Real estate activities,,,
2014,,"Professional, scientific and technical activities",,,
2014,,Administrative and support service activities,,,
2014,,Public administration and defence; compulsory social security,,,
2014,,Education,,,
2014,,Human health and social work activities,,,
2014,,"Arts, entertainment and recreation",,,
2014,,Other service activities,,,
2014,,,Total,,80.0
2014,,,Men,,150.9
2014,,,Women,,31.4
2014,,,,"Agriculture, forestry and fishing",
2014,,,,Industry,
2014,,,,Mining and quarrying,
2014,,,,Manufacturing,
2014,,,,"Electricity, gas, steam and air conditioning supply",
2014,,,,"Water supply; sewerage, waste management and remediation activities",
2014,,,,Construction,
2014,,,,Wholesale and retail trade; repair of motor vehicles and motorcycles,
2014,,,,Transportation and storage,
2014,,,,Accommodation and food service activities,
2014,,,,Information and communication,
2014,,,,Financial and insurance activities,
2014,,,,Real estate activities,
2014,,,,"Professional, scientific and technical activities",
2014,,,,Administrative and support service activities,
2014,,,,Public administration and defence; compulsory social security,
2014,,,,Education,
2014,,,,Human health and social work activities,
2014,,,,"Arts, entertainment and recreation",
2014,,,,Other service activities,
2015,,,,,
2015,Total,,,,5.7
2015,Men,,,,12.0
2015,Women,,,,0.6
2015,,"Agriculture, forestry and fishing",,,
2015,,Industry,,,
2015,,Mining and quarrying,,,
2015,,Manufacturing,,,
2015,,"Electricity, gas, steam and air conditioning supply",,,
2015,,"Water supply; sewerage, waste management and remediation activities",,,
2015,,Construction,,,
2015,,Wholesale and retail trade; repair of motor vehicles and motorcycles,,,
2015,,Transportation and storage,,,
2015,,Accommodation and food service activities,,,
2015,,Information and communication,,,
2015,,Financial and insurance activities,,,
2015,,Real estate activities,,,
2015,,"Professional, scientific and technical activities",,,
2015,,Administrative and support service activities,,,
2015,,Public administration and defence; compulsory social security,,,
2015,,Education,,,
2015,,Human health and social work activities,,,
2015,,"Arts, entertainment and recreation",,,
2015,,Other service activities,,,
2015,,,Total,,67.8
2015,,,Men,,121.6
2015,,,Women,,29.4
2015,,,,"Agriculture, forestry and fishing",
2015,,,,Industry,
2015,,,,Mining and quarrying,
2015,,,,Manufacturing,
2015,,,,"Electricity, gas, steam and air conditioning supply",
2015,,,,"Water supply; sewerage, waste management and remediation activities",
2015,,,,Construction,
2015,,,,Wholesale and retail trade; repair of motor vehicles and motorcycles,
2015,,,,Transportation and storage,
2015,,,,Accommodation and food service activities,
2015,,,,Information and communication,
2015,,,,Financial and insurance activities,
2015,,,,Real estate activities,
2015,,,,"Professional, scientific and technical activities",
2015,,,,Administrative and support service activities,
2015,,,,Public administration and defence; compulsory social security,
2015,,,,Education,
2015,,,,Human health and social work activities,
2015,,,,"Arts, entertainment and recreation",
2015,,,,Other service activities,
2016,,,,,
2016,Total,,,,4.9
2016,Men,,,,9.0
2016,Women,,,,1.3
2016,,"Agriculture, forestry and fishing",,,10.9
2016,,Industry,,,7.1
2016,,Mining and quarrying,,,0.0
2016,,Manufacturing,,,7.7
2016,,"Electricity, gas, steam and air conditioning supply",,,0.0
2016,,"Water supply; sewerage, waste management and remediation activities",,,13.0
2016,,Construction,,,14.5
2016,,Wholesale and retail trade; repair of motor vehicles and motorcycles,,,5.4
2016,,Transportation and storage,,,19.5
2016,,Accommodation and food service activities,,,0.0
2016,,Information and communication,,,0.0
2016,,Financial and insurance activities,,,0.0
2016,,Real estate activities,,,8.6
2016,,"Professional, scientific and technical activities",,,0.0
2016,,Administrative and support service activities,,,18.2
2016,,Public administration and defence; compulsory social security,,,0.0
2016,,Education,,,0.0
2016,,Human health and social work activities,,,0.0
2016,,"Arts, entertainment and recreation",,,0.0
2016,,Other service activities,,,0.0
2016,,,Total,,57.6
2016,,,Men,,74.1
2016,,,Women,,43.0
2016,,,,"Agriculture, forestry and fishing",76.2
2016,,,,Industry,97.9
2016,,,,Mining and quarrying,194.4
2016,,,,Manufacturing,86.9
2016,,,,"Electricity, gas, steam and air conditioning supply",134.9
2016,,,,"Water supply; sewerage, waste management and remediation activities",130.1
2016,,,,Construction,87.2
2016,,,,Wholesale and retail trade; repair of motor vehicles and motorcycles,42.4
2016,,,,Transportation and storage,89.3
2016,,,,Accommodation and food service activities,40.5
2016,,,,Information and communication,33.2
2016,,,,Financial and insurance activities,41.4
2016,,,,Real estate activities,34.4
2016,,,,"Professional, scientific and technical activities",12.9
2016,,,,Administrative and support service activities,136.3
2016,,,,Public administration and defence; compulsory social security,15.5
2016,,,,Education,19.1
2016,,,,Human health and social work activities,79.6
2016,,,,"Arts, entertainment and recreation",110.3
2016,,,,Other service activities,45.8
2017,,,,,
2017,Total,,,,6.8
2017,Men,,,,14.5
2017,Women,,,,0.0
2017,,"Agriculture, forestry and fishing",,,29.3
2017,,Industry,,,5.7
2017,,Mining and quarrying,,,197.9
2017,,Manufacturing,,,2.4
2017,,"Electricity, gas, steam and air conditioning supply",,,0.0
2017,,"Water supply; sewerage, waste management and remediation activities",,,0.0
2017,,Construction,,,36.7
2017,,Wholesale and retail trade; repair of motor vehicles and motorcycles,,,2.1
2017,,Transportation and storage,,,22.8
2017,,Accommodation and food service activities,,,0.0
2017,,Information and communication,,,0.0
2017,,Financial and insurance activities,,,0.0
2017,,Real estate activities,,,8.8
2017,,"Professional, scientific and technical activities",,,0.0
2017,,Administrative and support service activities,,,17.1
2017,,Public administration and defence; compulsory social security,,,4.0
2017,,Education,,,1.0
2017,,Human health and social work activities,,,0.0
2017,,"Arts, entertainment and recreation",,,0.0
2017,,Other service activities,,,0.0
2017,,,Total,,68.0
2017,,,Men,,94.5
2017,,,Women,,44.2
2017,,,,"Agriculture, forestry and fishing",61.2
2017,,,,Industry,90.0
2017,,,,Mining and quarrying,49.5
2017,,,,Manufacturing,89.3
2017,,,,"Electricity, gas, steam and air conditioning supply",73.2
2017,,,,"Water supply; sewerage, waste management and remediation activities",132.8
2017,,,,Construction,114.6
2017,,,,Wholesale and retail trade; repair of motor vehicles and motorcycles,49.8
2017,,,,Transportation and storage,74.2
2017,,,,Accommodation and food service activities,40.0
2017,,,,Information and communication,37.8
2017,,,,Financial and insurance activities,40.4
2017,,,,Real estate activities,53.0
2017,,,,"Professional, scientific and technical activities",25.9
2017,,,,Administrative and support service activities,85.4
2017,,,,Public administration and defence; compulsory social security,169.4
2017,,,,Education,22.6
2017,,,,Human health and social work activities,72.1
2017,,,,"Arts, entertainment and recreation",33.2
2017,,,,Other service activities,39.5
2018,,,,,
2018,Total,,,,6.2
2018,Men,,,,12.6
2018,Women,,,,0.3
2018,,"Agriculture, forestry and fishing",,,5.3
2018,,Industry,,,9.2
2018,,Mining and quarrying,,,0.0
2018,,Manufacturing,,,6.8
2018,,"Electricity, gas, steam and air conditioning supply",,,9.4
2018,,"Water supply; sewerage, waste management and remediation activities",,,39.6
2018,,Construction,,,25.6
2018,,Wholesale and retail trade; repair of motor vehicles and motorcycles,,,5.9
2018,,Transportation and storage,,,25.5
2018,,Accommodation and food service activities,,,0.0
2018,,Information and communication,,,0.0
2018,,Financial and insurance activities,,,0.0
2018,,Real estate activities,,,9.1
2018,,"Professional, scientific and technical activities",,,6.5
2018,,Administrative and support service activities,,,7.8
2018,,Public administration and defence; compulsory social security,,,2.0
2018,,Education,,,0.0
2018,,Human health and social work activities,,,0.0
2018,,"Arts, entertainment and recreation",,,8.2
2018,,Other service activities,,,0.0
2018,,,Total,,75.9
2018,,,Men,,104.5
2018,,,Women,,49.6
2018,,,,"Agriculture, forestry and fishing",42.5
2018,,,,Industry,108.5
2018,,,,Mining and quarrying,51.3
2018,,,,Manufacturing,106.0
2018,,,,"Electricity, gas, steam and air conditioning supply",122.3
2018,,,,"Water supply; sewerage, waste management and remediation activities",132.1
2018,,,,Construction,76.8
2018,,,,Wholesale and retail trade; repair of motor vehicles and motorcycles,55.1
2018,,,,Transportation and storage,84.9
2018,,,,Accommodation and food service activities,0.0
2018,,,,Information and communication,41.0
2018,,,,Financial and insurance activities,47.7
2018,,,,Real estate activities,27.3
2018,,,,"Professional, scientific and technical activities",38.9
2018,,,,Administrative and support service activities,70.6
2018,,,,Public administration and defence; compulsory social security,261.0
2018,,,,Education,13.6
2018,,,,Human health and social work activities,82.8
2018,,,,"Arts, entertainment and recreation",32.8
2018,,,,Other service activities,19.2
2019,,,,,
2019,Total,,,,5.8
2019,Men,,,,11.4
2019,Women,,,,0.6
2019,,"Agriculture, forestry and fishing",,,16.5
2019,,Industry,,,5.4
2019,,Mining and quarrying,,,48.0
2019,,Manufacturing,,,5.5
2019,,"Electricity, gas, steam and air conditioning supply",,,0.0
2019,,"Water supply; sewerage, waste management and remediation activities",,,0.0
2019,,Construction,,,44.7
2019,,Wholesale and retail trade; repair of motor vehicles and motorcycles,,,4.8
2019,,Transportation and storage,,,10.9
2019,,Accommodation and food service activities,,,0.0
2019,,Information and communication,,,4.6
2019,,Financial and insurance activities,,,0.0
2019,,Real estate activities,,,0.0
2019,,"Professional, scientific and technical activities",,,7.2
2019,,Administrative and support service activities,,,0.0
2019,,Public administration and defence; compulsory social security,,,0.0
2019,,Education,,,0.0
2019,,Human health and social work activities,,,3.3
2019,,"Arts, entertainment and recreation",,,0.0
2019,,Other service activities,,,0.0
2019,,,Total,,73.1
2019,,,Men,,105.6
2019,,,Women,,43.4
2019,,,,"Agriculture, forestry and fishing",65.9
2019,,,,Industry,94.3
2019,,,,Mining and quarrying,48.0
2019,,,,Manufacturing,78.1
2019,,,,"Electricity, gas, steam and air conditioning supply",170.7
2019,,,,"Water supply; sewerage, waste management and remediation activities",191.4
2019,,,,Construction,129.9
2019,,,,Wholesale and retail trade; repair of motor vehicles and motorcycles,61.3
2019,,,,Transportation and storage,98.4
2019,,,,Accommodation and food service activities,27.6
2019,,,,Information and communication,37.1
2019,,,,Financial and insurance activities,15.6
2019,,,,Real estate activities,41.7
2019,,,,"Professional, scientific and technical activities",14.4
2019,,,,Administrative and support service activities,90.5
2019,,,,Public administration and defence; compulsory social security,226.0
2019,,,,Education,11.5
2019,,,,Human health and social work activities,58.0
2019,,,,"Arts, entertainment and recreation",24.3
2019,,,,Other service activities,46.2
2020,,,,,
2020,Total,,,,5.2
2020,Men,,,,10.9
2020,Women,,,,0.0
2020,,"Agriculture, forestry and fishing",,,11.7
2020,,Industry,,,8.5
2020,,Mining and quarrying,,,0.0
2020,,Manufacturing,,,10.5
2020,,"Electricity, gas, steam and air conditioning supply",,,0.0
2020,,"Water supply; sewerage, waste management and remediation activities",,,0.0
2020,,Construction,,,12.4
2020,,Wholesale and retail trade; repair of motor vehicles and motorcycles,,,1.0
2020,,Transportation and storage,,,26.4
2020,,Accommodation and food service activities,,,0.0
2020,,Information and communication,,,4.2
2020,,Financial and insurance activities,,,0.0
2020,,Real estate activities,,,0.0
2020,,"Professional, scientific and technical activities",,,0.0
2020,,Administrative and support service activities,,,0.0
2020,,Public administration and defence; compulsory social security,,,6.1
2020,,Education,,,1.1
2020,,Human health and social work activities,,,0.0
2020,,"Arts, entertainment and recreation",,,0.0
2020,,Other service activities,,,0.0
2020,,,Total,,64.5
2020,,,Men,,92.1
2020,,,Women,,39.5
2020,,,,"Agriculture, forestry and fishing",32.2
2020,,,,Industry,96.2
2020,,,,Mining and quarrying,153.1
2020,,,,Manufacturing,90.9
2020,,,,"Electricity, gas, steam and air conditioning supply",47.7
2020,,,,"Water supply; sewerage, waste management and remediation activities",206.1
2020,,,,Construction,141.1
2020,,,,Wholesale and retail trade; repair of motor vehicles and motorcycles,48.4
2020,,,,Transportation and storage,70.3
2020,,,,Accommodation and food service activities,41.3
2020,,,,Information and communication,33.7
2020,,,,Financial and insurance activities,7.8
2020,,,,Real estate activities,17.0
2020,,,,"Professional, scientific and technical activities",15.3
2020,,,,Administrative and support service activities,170.0
2020,,,,Public administration and defence; compulsory social security,174.4
2020,,,,Education,19.3
2020,,,,Human health and social work activities,43.1
2020,,,,"Arts, entertainment and recreation",16.9
2020,,,,Other service activities,0.0
2021,,,,,
2021,Total,,,,4.8
2021,Men,,,,10.1
2021,Women,,,,0.0
2021,,"Agriculture, forestry and fishing",,,23.2
2021,,Industry,,,1.9
2021,,Mining and quarrying,,,0.0
2021,,Manufacturing,,,1.2
2021,,"Electricity, gas, steam and air conditioning supply",,,0.0
2021,,"Water supply; sewerage, waste management and remediation activities",,,12.5
2021,,Construction,,,27.2
2021,,Wholesale and retail trade; repair of motor vehicles and motorcycles,,,2.8
2021,,Transportation and storage,,,8.6
2021,,Accommodation and food service activities,,,0.0
2021,,Information and communication,,,0.0
2021,,Financial and insurance activities,,,0.0
2021,,Real estate activities,,,9.1
2021,,"Professional, scientific and technical activities",,,0.0
2021,,Administrative and support service activities,,,8.0
2021,,Public administration and defence; compulsory social security,,,6.0
2021,,Education,,,0.0
2021,,Human health and social work activities,,,0.0
2021,,"Arts, entertainment and recreation",,,8.5
2021,,Other service activities,,,16.9
2021,,,Total,,84.0
2021,,,Men,,111.9
2021,,,Women,,58.7
2021,,,,"Agriculture, forestry and fishing",46.4
2021,,,,Industry,133.5
2021,,,,Mining and quarrying,54.7
2021,,,,Manufacturing,127.7
2021,,,,"Electricity, gas, steam and air conditioning supply",153.5
2021,,,,"Water supply; sewerage, waste management and remediation activities",187.4
2021,,,,Construction,178.7
2021,,,,Wholesale and retail trade; repair of motor vehicles and motorcycles,72.5
2021,,,,Transportation and storage,122.8
2021,,,,Accommodation and food service activities,65.0
2021,,,,Information and communication,25.5
2021,,,,Financial and insurance activities,30.2
2021,,,,Real estate activities,90.6
2021,,,,"Professional, scientific and technical activities",44.9
2021,,,,Administrative and support service activities,96.6
2021,,,,Public administration and defence; compulsory social security,126.2
2021,,,,Education,27.9
2021,,,,Human health and social work activities,88.9
2021,,,,"Arts, entertainment and recreation",42.4
2021,,,,Other service activities,16.9
2022,,,,,
2022,Total,,,,
2022,Men,,,,
2022,Women,,,,
2022,,"Agriculture, forestry and fishing",,,
2022,,Industry,,,
2022,,Mining and quarrying,,,
2022,,Manufacturing,,,
2022,,"Electricity, gas, steam and air conditioning supply",,,
2022,,"Water supply; sewerage, waste management and remediation activities",,,
2022,,Construction,,,
2022,,Wholesale and retail trade; repair of motor vehicles and motorcycles,,,
2022,,Transportation and storage,,,
2022,,Accommodation and food service activities,,,
2022,,Information and communication,,,
2022,,Financial and insurance activities,,,
2022,,Real estate activities,,,
2022,,"Professional, scientific and technical activities",,,
2022,,Administrative and support service activities,,,
2022,,Public administration and defence; compulsory social security,,,
2022,,Education,,,
2022,,Human health and social work activities,,,
2022,,"Arts, entertainment and recreation",,,
2022,,Other service activities,,,
2022,,,Total,,
2022,,,Men,,
2022,,,Women,,
2022,,,,"Agriculture, forestry and fishing",
2022,,,,Industry,
2022,,,,Mining and quarrying,
2022,,,,Manufacturing,
2022,,,,"Electricity, gas, steam and air conditioning supply",
2022,,,,"Water supply; sewerage, waste management and remediation activities",
2022,,,,Construction,
2022,,,,Wholesale and retail trade; repair of motor vehicles and motorcycles,
2022,,,,Transportation and storage,
2022,,,,Accommodation and food service activities,
2022,,,,Information and communication,
2022,,,,Financial and insurance activities,
2022,,,,Real estate activities,
2022,,,,"Professional, scientific and technical activities",
2022,,,,Administrative and support service activities,
2022,,,,Public administration and defence; compulsory social security,
2022,,,,Education,
2022,,,,Human health and social work activities,
2022,,,,"Arts, entertainment and recreation",
2022,,,,Other service activities,
