Year,"Raportat pe o persoană, pe surse","Raportat pe o persoană, pe ingrediente","Cantitatea emisiilor, total","Cantitatea emisiilor, pe surse","Cantitatea emisiilor, pe ingrediente",Value
2010,,,,,,
2010,Auto,,,,,
2010,Feroviar,,,,,
2010,Aerian,,,,,
2010,,Oxid de carbon,,,,
2010,,Dioxid de azot,,,,
2010,,Dioxid de sulf,,,,
2010,,Hidrocarburi,,,,
2010,,Aldehide,,,,
2010,,Substanțe solide,,,,
2010,,,Total,,,154.8
2010,,,,Auto,,146.5
2010,,,,Feroviar,,1.6
2010,,,,Aerian,,6.7
2010,,,,,Oxid de carbon,109.2
2010,,,,,Dioxid de azot,15.8
2010,,,,,Dioxid de sulf,3.9
2010,,,,,Hidrocarburi,15.0
2010,,,,,Aldehide,8.3
2010,,,,,Substanțe solide,2.6
2011,,,,,,
2011,Auto,,,,,
2011,Feroviar,,,,,
2011,Aerian,,,,,
2011,,Oxid de carbon,,,,
2011,,Dioxid de azot,,,,
2011,,Dioxid de sulf,,,,
2011,,Hidrocarburi,,,,
2011,,Aldehide,,,,
2011,,Substanțe solide,,,,
2011,,,Total,,,188.7
2011,,,,Auto,,174.8
2011,,,,Feroviar,,4.0
2011,,,,Aerian,,9.9
2011,,,,,Oxid de carbon,134.7
2011,,,,,Dioxid de azot,18.4
2011,,,,,Dioxid de sulf,4.5
2011,,,,,Hidrocarburi,21.0
2011,,,,,Aldehide,7.4
2011,,,,,Substanțe solide,2.7
2012,,,,,,
2012,Auto,,,,,
2012,Feroviar,,,,,
2012,Aerian,,,,,
2012,,Oxid de carbon,,,,
2012,,Dioxid de azot,,,,
2012,,Dioxid de sulf,,,,
2012,,Hidrocarburi,,,,
2012,,Aldehide,,,,
2012,,Substanțe solide,,,,
2012,,,Total,,,154.2
2012,,,,Auto,,140.1
2012,,,,Feroviar,,2.7
2012,,,,Aerian,,11.4
2012,,,,,Oxid de carbon,118.3
2012,,,,,Dioxid de azot,14.3
2012,,,,,Dioxid de sulf,3.3
2012,,,,,Hidrocarburi,15.1
2012,,,,,Aldehide,1.0
2012,,,,,Substanțe solide,2.0
2013,,,,,,
2013,Auto,,,,,
2013,Feroviar,,,,,
2013,Aerian,,,,,
2013,,Oxid de carbon,,,,
2013,,Dioxid de azot,,,,
2013,,Dioxid de sulf,,,,
2013,,Hidrocarburi,,,,
2013,,Aldehide,,,,
2013,,Substanțe solide,,,,
2013,,,Total,,,226.6
2013,,,,Auto,,213.1
2013,,,,Feroviar,,2.8
2013,,,,Aerian,,10.7
2013,,,,,Oxid de carbon,165.1
2013,,,,,Dioxid de azot,24.9
2013,,,,,Dioxid de sulf,6.7
2013,,,,,Hidrocarburi,24.2
2013,,,,,Aldehide,1.7
2013,,,,,Substanțe solide,4.0
2014,,,,,,68.0
2014,Auto,,,,,62.6
2014,Feroviar,,,,,0.9
2014,Aerian,,,,,4.5
2014,,Oxid de carbon,,,,52.2
2014,,Dioxid de azot,,,,5.6
2014,,Dioxid de sulf,,,,1.2
2014,,Hidrocarburi,,,,7.8
2014,,Aldehide,,,,0.3
2014,,Substanțe solide,,,,0.9
2014,,,Total,,,194.3
2014,,,,Auto,,179.0
2014,,,,Feroviar,,2.7
2014,,,,Aerian,,12.6
2014,,,,,Oxid de carbon,149.2
2014,,,,,Dioxid de azot,16.0
2014,,,,,Dioxid de sulf,3.5
2014,,,,,Hidrocarburi,22.4
2014,,,,,Aldehide,1.0
2014,,,,,Substanțe solide,2.2
2015,,,,,,68.5
2015,Auto,,,,,63.1
2015,Feroviar,,,,,1.0
2015,Aerian,,,,,4.4
2015,,Oxid de carbon,,,,52.6
2015,,Dioxid de azot,,,,5.6
2015,,Dioxid de sulf,,,,1.2
2015,,Hidrocarburi,,,,7.9
2015,,Aldehide,,,,0.4
2015,,Substanțe solide,,,,0.8
2015,,,Total,,,194.3
2015,,,,Auto,,178.9
2015,,,,Feroviar,,2.7
2015,,,,Aerian,,12.6
2015,,,,,Oxid de carbon,149.2
2015,,,,,Dioxid de azot,16.0
2015,,,,,Dioxid de sulf,3.5
2015,,,,,Hidrocarburi,22.4
2015,,,,,Aldehide,1.0
2015,,,,,Substanțe solide,2.2
2016,,,,,,71.9
2016,Auto,,,,,59.2
2016,Feroviar,,,,,1.0
2016,Aerian,,,,,11.7
2016,,Oxid de carbon,,,,51.7
2016,,Dioxid de azot,,,,7.1
2016,,Dioxid de sulf,,,,1.8
2016,,Hidrocarburi,,,,7.7
2016,,Aldehide,,,,2.5
2016,,Substanțe solide,,,,1.1
2016,,,Total,,,201.5
2016,,,,Auto,,166.0
2016,,,,Feroviar,,2.9
2016,,,,Aerian,,32.6
2016,,,,,Oxid de carbon,144.8
2016,,,,,Dioxid de azot,19.8
2016,,,,,Dioxid de sulf,5.1
2016,,,,,Hidrocarburi,21.6
2016,,,,,Aldehide,7.0
2016,,,,,Substanțe solide,3.2
2017,,,,,,117.0
2017,Auto,,,,,107.4
2017,Feroviar,,,,,0.9
2017,Aerian,,,,,8.7
2017,,Oxid de carbon,,,,89.7
2017,,Dioxid de azot,,,,10.9
2017,,Dioxid de sulf,,,,2.5
2017,,Hidrocarburi,,,,11.6
2017,,Aldehide,,,,0.7
2017,,Substanțe solide,,,,1.6
2017,,,Total,,,322.3
2017,,,,Auto,,296.0
2017,,,,Feroviar,,2.4
2017,,,,Aerian,,23.9
2017,,,,,Oxid de carbon,247.1
2017,,,,,Dioxid de azot,29.9
2017,,,,,Dioxid de sulf,7.0
2017,,,,,Hidrocarburi,31.9
2017,,,,,Aldehide,2.0
2017,,,,,Substanțe solide,4.4
2018,,,,,,84.2
2018,Auto,,,,,73.2
2018,Feroviar,,,,,0.7
2018,Aerian,,,,,10.3
2018,,Oxid de carbon,,,,61.7
2018,,Dioxid de azot,,,,9.2
2018,,Dioxid de sulf,,,,2.4
2018,,Hidrocarburi,,,,8.6
2018,,Aldehide,,,,0.7
2018,,Substanțe solide,,,,1.6
2018,,,Total,,,227.9
2018,,,,Auto,,198.1
2018,,,,Feroviar,,2.0
2018,,,,Aerian,,27.8
2018,,,,,Oxid de carbon,167.1
2018,,,,,Dioxid de azot,25.0
2018,,,,,Dioxid de sulf,6.6
2018,,,,,Hidrocarburi,23.3
2018,,,,,Aldehide,1.8
2018,,,,,Substanțe solide,4.1
2019,,,,,,71.1
2019,Auto,,,,,61.5
2019,Feroviar,,,,,0.3
2019,Aerian,,,,,9.3
2019,,Oxid de carbon,,,,48.0
2019,,Dioxid de azot,,,,9.9
2019,,Dioxid de sulf,,,,3.0
2019,,Hidrocarburi,,,,7.7
2019,,Aldehide,,,,0.8
2019,,Substanțe solide,,,,1.7
2019,,,Total,,,189.5
2019,,,,Auto,,163.8
2019,,,,Feroviar,,0.9
2019,,,,Aerian,,24.8
2019,,,,,Oxid de carbon,127.8
2019,,,,,Dioxid de azot,26.5
2019,,,,,Dioxid de sulf,7.9
2019,,,,,Hidrocarburi,20.5
2019,,,,,Aldehide,2.0
2019,,,,,Substanțe solide,4.8
2020,,,,,,59.0
2020,Auto,,,,,56.3
2020,Feroviar,,,,,0.3
2020,Aerian,,,,,2.4
2020,,Oxid de carbon,,,,38.2
2020,,Dioxid de azot,,,,9.0
2020,,Dioxid de sulf,,,,2.8
2020,,Hidrocarburi,,,,6.6
2020,,Aldehide,,,,0.7
2020,,Substanțe solide,,,,1.7
2020,,,Total,,,155.6
2020,,,,Auto,,148.7
2020,,,,Feroviar,,0.7
2020,,,,Aerian,,6.2
2020,,,,,Oxid de carbon,100.6
2020,,,,,Dioxid de azot,23.9
2020,,,,,Dioxid de sulf,7.4
2020,,,,,Hidrocarburi,17.3
2020,,,,,Aldehide,1.8
2020,,,,,Substanțe solide,4.6
2021,,,,,,74.0
2021,Auto,,,,,65.8
2021,Feroviar,,,,,0.3
2021,Aerian,,,,,7.9
2021,,Oxid de carbon,,,,49.8
2021,,Dioxid de azot,,,,10.4
2021,,Dioxid de sulf,,,,3.0
2021,,Hidrocarburi,,,,8.1
2021,,Aldehide,,,,0.8
2021,,Substanțe solide,,,,1.9
2021,,,Total,,,193.4
2021,,,,Auto,,172.1
2021,,,,Feroviar,,0.7
2021,,,,Aerian,,20.6
2021,,,,,Oxid de carbon,130.3
2021,,,,,Dioxid de azot,27.2
2021,,,,,Dioxid de sulf,7.9
2021,,,,,Hidrocarburi,21.1
2021,,,,,Aldehide,2.0
2021,,,,,Substanțe solide,4.9
2022,,,,,,
2022,Auto,,,,,
2022,Feroviar,,,,,
2022,Aerian,,,,,
2022,,Oxid de carbon,,,,
2022,,Dioxid de azot,,,,
2022,,Dioxid de sulf,,,,
2022,,Hidrocarburi,,,,
2022,,Aldehide,,,,
2022,,Substanțe solide,,,,
2022,,,Total,,,
2022,,,,Auto,,
2022,,,,Feroviar,,
2022,,,,Aerian,,
2022,,,,,Oxid de carbon,
2022,,,,,Dioxid de azot,
2022,,,,,Dioxid de sulf,
2022,,,,,Hidrocarburi,
2022,,,,,Aldehide,
2022,,,,,Substanțe solide,
