Year,Mediul de reședință,Sex,Age group,Level of education of the head of the household,Ethnicity of the head of the household,Wellbeing quintile,Value
2010,,,,,,,
2010,Urban,,,,,,
2010,Rural,,,,,,
2010,,Bărbați,,,,,
2010,,Femei,,,,,
2010,,,2-4,,,,
2010,,,5-9,,,,
2010,,,10-14,,,,
2010,,,,Primary and below,,,
2010,,,,Secondary,,,
2010,,,,Professional,,,
2010,,,,Higher,,,
2010,,,,,Moldovan/Romanian,,
2010,,,,,Russian,,
2010,,,,,Ucrainian,,
2010,,,,,Rum,,
2010,,,,,Gagauz,,
2010,,,,,Other,,
2010,,,,,,I,
2010,,,,,,II,
2010,,,,,,III,
2010,,,,,,IV,
2010,,,,,,V,
2011,,,,,,,
2011,Urban,,,,,,
2011,Rural,,,,,,
2011,,Bărbați,,,,,
2011,,Femei,,,,,
2011,,,2-4,,,,
2011,,,5-9,,,,
2011,,,10-14,,,,
2011,,,,Primary and below,,,
2011,,,,Secondary,,,
2011,,,,Professional,,,
2011,,,,Higher,,,
2011,,,,,Moldovan/Romanian,,
2011,,,,,Russian,,
2011,,,,,Ucrainian,,
2011,,,,,Rum,,
2011,,,,,Gagauz,,
2011,,,,,Other,,
2011,,,,,,I,
2011,,,,,,II,
2011,,,,,,III,
2011,,,,,,IV,
2011,,,,,,V,
2012,,,,,,,75.6
2012,Urban,,,,,,73.9
2012,Rural,,,,,,76.5
2012,,Bărbați,,,,,77.4
2012,,Femei,,,,,73.8
2012,,,2-4,,,,76.2
2012,,,5-9,,,,78.1
2012,,,10-14,,,,72.8
2012,,,,Primary and below,,,83.4
2012,,,,Secondary,,,76.6
2012,,,,Professional,,,75.5
2012,,,,Higher,,,71.1
2012,,,,,Moldovan/Romanian,,75.5
2012,,,,,Russian,,72.9
2012,,,,,Ucrainian,,72.9
2012,,,,,Rum,,77.6
2012,,,,,Gagauz,,87.1
2012,,,,,Other,,71.8
2012,,,,,,I,82.1
2012,,,,,,II,77.0
2012,,,,,,III,74.9
2012,,,,,,IV,71.3
2012,,,,,,V,73.9
2013,,,,,,,
2013,Urban,,,,,,
2013,Rural,,,,,,
2013,,Bărbați,,,,,
2013,,Femei,,,,,
2013,,,2-4,,,,
2013,,,5-9,,,,
2013,,,10-14,,,,
2013,,,,Primary and below,,,
2013,,,,Secondary,,,
2013,,,,Professional,,,
2013,,,,Higher,,,
2013,,,,,Moldovan/Romanian,,
2013,,,,,Russian,,
2013,,,,,Ucrainian,,
2013,,,,,Rum,,
2013,,,,,Gagauz,,
2013,,,,,Other,,
2013,,,,,,I,
2013,,,,,,II,
2013,,,,,,III,
2013,,,,,,IV,
2013,,,,,,V,
2014,,,,,,,
2014,Urban,,,,,,
2014,Rural,,,,,,
2014,,Bărbați,,,,,
2014,,Femei,,,,,
2014,,,2-4,,,,
2014,,,5-9,,,,
2014,,,10-14,,,,
2014,,,,Primary and below,,,
2014,,,,Secondary,,,
2014,,,,Professional,,,
2014,,,,Higher,,,
2014,,,,,Moldovan/Romanian,,
2014,,,,,Russian,,
2014,,,,,Ucrainian,,
2014,,,,,Rum,,
2014,,,,,Gagauz,,
2014,,,,,Other,,
2014,,,,,,I,
2014,,,,,,II,
2014,,,,,,III,
2014,,,,,,IV,
2014,,,,,,V,
2015,,,,,,,
2015,Urban,,,,,,
2015,Rural,,,,,,
2015,,Bărbați,,,,,
2015,,Femei,,,,,
2015,,,2-4,,,,
2015,,,5-9,,,,
2015,,,10-14,,,,
2015,,,,Primary and below,,,
2015,,,,Secondary,,,
2015,,,,Professional,,,
2015,,,,Higher,,,
2015,,,,,Moldovan/Romanian,,
2015,,,,,Russian,,
2015,,,,,Ucrainian,,
2015,,,,,Rum,,
2015,,,,,Gagauz,,
2015,,,,,Other,,
2015,,,,,,I,
2015,,,,,,II,
2015,,,,,,III,
2015,,,,,,IV,
2015,,,,,,V,
2016,,,,,,,
2016,Urban,,,,,,
2016,Rural,,,,,,
2016,,Bărbați,,,,,
2016,,Femei,,,,,
2016,,,2-4,,,,
2016,,,5-9,,,,
2016,,,10-14,,,,
2016,,,,Primary and below,,,
2016,,,,Secondary,,,
2016,,,,Professional,,,
2016,,,,Higher,,,
2016,,,,,Moldovan/Romanian,,
2016,,,,,Russian,,
2016,,,,,Ucrainian,,
2016,,,,,Rum,,
2016,,,,,Gagauz,,
2016,,,,,Other,,
2016,,,,,,I,
2016,,,,,,II,
2016,,,,,,III,
2016,,,,,,IV,
2016,,,,,,V,
2017,,,,,,,
2017,Urban,,,,,,
2017,Rural,,,,,,
2017,,Bărbați,,,,,
2017,,Femei,,,,,
2017,,,2-4,,,,
2017,,,5-9,,,,
2017,,,10-14,,,,
2017,,,,Primary and below,,,
2017,,,,Secondary,,,
2017,,,,Professional,,,
2017,,,,Higher,,,
2017,,,,,Moldovan/Romanian,,
2017,,,,,Russian,,
2017,,,,,Ucrainian,,
2017,,,,,Rum,,
2017,,,,,Gagauz,,
2017,,,,,Other,,
2017,,,,,,I,
2017,,,,,,II,
2017,,,,,,III,
2017,,,,,,IV,
2017,,,,,,V,
2018,,,,,,,
2018,Urban,,,,,,
2018,Rural,,,,,,
2018,,Bărbați,,,,,
2018,,Femei,,,,,
2018,,,2-4,,,,
2018,,,5-9,,,,
2018,,,10-14,,,,
2018,,,,Primary and below,,,
2018,,,,Secondary,,,
2018,,,,Professional,,,
2018,,,,Higher,,,
2018,,,,,Moldovan/Romanian,,
2018,,,,,Russian,,
2018,,,,,Ucrainian,,
2018,,,,,Rum,,
2018,,,,,Gagauz,,
2018,,,,,Other,,
2018,,,,,,I,
2018,,,,,,II,
2018,,,,,,III,
2018,,,,,,IV,
2018,,,,,,V,
2019,,,,,,,
2019,Urban,,,,,,
2019,Rural,,,,,,
2019,,Bărbați,,,,,
2019,,Femei,,,,,
2019,,,2-4,,,,
2019,,,5-9,,,,
2019,,,10-14,,,,
2019,,,,Primary and below,,,
2019,,,,Secondary,,,
2019,,,,Professional,,,
2019,,,,Higher,,,
2019,,,,,Moldovan/Romanian,,
2019,,,,,Russian,,
2019,,,,,Ucrainian,,
2019,,,,,Rum,,
2019,,,,,Gagauz,,
2019,,,,,Other,,
2019,,,,,,I,
2019,,,,,,II,
2019,,,,,,III,
2019,,,,,,IV,
2019,,,,,,V,
2020,,,,,,,
2020,Urban,,,,,,
2020,Rural,,,,,,
2020,,Bărbați,,,,,
2020,,Femei,,,,,
2020,,,2-4,,,,
2020,,,5-9,,,,
2020,,,10-14,,,,
2020,,,,Primary and below,,,
2020,,,,Secondary,,,
2020,,,,Professional,,,
2020,,,,Higher,,,
2020,,,,,Moldovan/Romanian,,
2020,,,,,Russian,,
2020,,,,,Ucrainian,,
2020,,,,,Rum,,
2020,,,,,Gagauz,,
2020,,,,,Other,,
2020,,,,,,I,
2020,,,,,,II,
2020,,,,,,III,
2020,,,,,,IV,
2020,,,,,,V,
2021,,,,,,,
2021,Urban,,,,,,
2021,Rural,,,,,,
2021,,Bărbați,,,,,
2021,,Femei,,,,,
2021,,,2-4,,,,
2021,,,5-9,,,,
2021,,,10-14,,,,
2021,,,,Primary and below,,,
2021,,,,Secondary,,,
2021,,,,Professional,,,
2021,,,,Higher,,,
2021,,,,,Moldovan/Romanian,,
2021,,,,,Russian,,
2021,,,,,Ucrainian,,
2021,,,,,Rum,,
2021,,,,,Gagauz,,
2021,,,,,Other,,
2021,,,,,,I,
2021,,,,,,II,
2021,,,,,,III,
2021,,,,,,IV,
2021,,,,,,V,
2022,,,,,,,
2022,Urban,,,,,,
2022,Rural,,,,,,
2022,,Bărbați,,,,,
2022,,Femei,,,,,
2022,,,2-4,,,,
2022,,,5-9,,,,
2022,,,10-14,,,,
2022,,,,Primary and below,,,
2022,,,,Secondary,,,
2022,,,,Professional,,,
2022,,,,Higher,,,
2022,,,,,Moldovan/Romanian,,
2022,,,,,Russian,,
2022,,,,,Ucrainian,,
2022,,,,,Rum,,
2022,,,,,Gagauz,,
2022,,,,,Other,,
2022,,,,,,I,
2022,,,,,,II,
2022,,,,,,III,
2022,,,,,,IV,
2022,,,,,,V,
