Year,Sex,Nivel de instruire,Instituțiile unde s-au efectuat plăți,Value
2010,,,,
2010,Bărbați,,,
2010,Femei,,,
2010,,Secundare,,
2010,,Mediu de specialitate,,
2010,,Superior,,
2010,,,Inspectoratele fiscale,
2010,,,Vama,
2010,,,Poliția,
2010,,,Procuratura,
2010,,,Inspecțiile sanitar-epidemiologice,
2010,,,Birourile/serviciile cadastrale,
2010,,,Instanțele de judecată,
2010,,,Achizițiile publice,
2010,,,Înregistrarea transportului și eliberarea permisului de conducere,
2010,,,Revizia tehnică a automobilelor,
2010,,,Eliberarea autorizațiilor de construcție,
2010,,,Inspecția muncii,
2011,,,,
2011,Bărbați,,,
2011,Femei,,,
2011,,Secundare,,
2011,,Mediu de specialitate,,
2011,,Superior,,
2011,,,Inspectoratele fiscale,
2011,,,Vama,
2011,,,Poliția,
2011,,,Procuratura,
2011,,,Inspecțiile sanitar-epidemiologice,
2011,,,Birourile/serviciile cadastrale,
2011,,,Instanțele de judecată,
2011,,,Achizițiile publice,
2011,,,Înregistrarea transportului și eliberarea permisului de conducere,
2011,,,Revizia tehnică a automobilelor,
2011,,,Eliberarea autorizațiilor de construcție,
2011,,,Inspecția muncii,
2012,,,,47.8
2012,Bărbați,,,
2012,Femei,,,
2012,,Secundare,,
2012,,Mediu de specialitate,,
2012,,Superior,,
2012,,,Inspectoratele fiscale,14.2
2012,,,Vama,19.0
2012,,,Poliția,15.7
2012,,,Procuratura,2.0
2012,,,Inspecțiile sanitar-epidemiologice,12.1
2012,,,Birourile/serviciile cadastrale,5.1
2012,,,Instanțele de judecată,3.1
2012,,,Achizițiile publice,0.4
2012,,,Înregistrarea transportului și eliberarea permisului de conducere,6.5
2012,,,Revizia tehnică a automobilelor,13.2
2012,,,Eliberarea autorizațiilor de construcție,4.1
2012,,,Inspecția muncii,4.1
2013,,,,
2013,Bărbați,,,
2013,Femei,,,
2013,,Secundare,,
2013,,Mediu de specialitate,,
2013,,Superior,,
2013,,,Inspectoratele fiscale,
2013,,,Vama,
2013,,,Poliția,
2013,,,Procuratura,
2013,,,Inspecțiile sanitar-epidemiologice,
2013,,,Birourile/serviciile cadastrale,
2013,,,Instanțele de judecată,
2013,,,Achizițiile publice,
2013,,,Înregistrarea transportului și eliberarea permisului de conducere,
2013,,,Revizia tehnică a automobilelor,
2013,,,Eliberarea autorizațiilor de construcție,
2013,,,Inspecția muncii,
2014,,,,24.5
2014,Bărbați,,,
2014,Femei,,,
2014,,Secundare,,
2014,,Mediu de specialitate,,
2014,,Superior,,
2014,,,Inspectoratele fiscale,5.5
2014,,,Vama,7.6
2014,,,Poliția,7.2
2014,,,Procuratura,1.1
2014,,,Inspecțiile sanitar-epidemiologice,5.7
2014,,,Birourile/serviciile cadastrale,1.5
2014,,,Instanțele de judecată,3.5
2014,,,Achizițiile publice,1.5
2014,,,Înregistrarea transportului și eliberarea permisului de conducere,3.1
2014,,,Revizia tehnică a automobilelor,6.4
2014,,,Eliberarea autorizațiilor de construcție,2.6
2014,,,Inspecția muncii,3.5
2015,,,,16.2
2015,Bărbați,,,23.0
2015,Femei,,,10.4
2015,,Secundare,,18.8
2015,,Mediu de specialitate,,9.4
2015,,Superior,,17.9
2015,,,Inspectoratele fiscale,5.7
2015,,,Vama,3.3
2015,,,Poliția,4.9
2015,,,Procuratura,0.4
2015,,,Inspecțiile sanitar-epidemiologice,3.1
2015,,,Birourile/serviciile cadastrale,0.0
2015,,,Instanțele de judecată,1.0
2015,,,Achizițiile publice,0.4
2015,,,Înregistrarea transportului și eliberarea permisului de conducere,2.5
2015,,,Revizia tehnică a automobilelor,4.3
2015,,,Eliberarea autorizațiilor de construcție,1.4
2015,,,Inspecția muncii,2.9
2016,,,,
2016,Bărbați,,,
2016,Femei,,,
2016,,Secundare,,
2016,,Mediu de specialitate,,
2016,,Superior,,
2016,,,Inspectoratele fiscale,
2016,,,Vama,
2016,,,Poliția,
2016,,,Procuratura,
2016,,,Inspecțiile sanitar-epidemiologice,
2016,,,Birourile/serviciile cadastrale,
2016,,,Instanțele de judecată,
2016,,,Achizițiile publice,
2016,,,Înregistrarea transportului și eliberarea permisului de conducere,
2016,,,Revizia tehnică a automobilelor,
2016,,,Eliberarea autorizațiilor de construcție,
2016,,,Inspecția muncii,
2017,,,,
2017,Bărbați,,,
2017,Femei,,,
2017,,Secundare,,
2017,,Mediu de specialitate,,
2017,,Superior,,
2017,,,Inspectoratele fiscale,
2017,,,Vama,
2017,,,Poliția,
2017,,,Procuratura,
2017,,,Inspecțiile sanitar-epidemiologice,
2017,,,Birourile/serviciile cadastrale,
2017,,,Instanțele de judecată,
2017,,,Achizițiile publice,
2017,,,Înregistrarea transportului și eliberarea permisului de conducere,
2017,,,Revizia tehnică a automobilelor,
2017,,,Eliberarea autorizațiilor de construcție,
2017,,,Inspecția muncii,
2018,,,,4.6
2018,Bărbați,,,4.9
2018,Femei,,,4.2
2018,,Secundare,,4.3
2018,,Mediu de specialitate,,4.1
2018,,Superior,,4.5
2018,,,Inspectoratele fiscale,1.5
2018,,,Vama,1.1
2018,,,Poliția,1.5
2018,,,Procuratura,0.2
2018,,,Inspecțiile sanitar-epidemiologice,1.3
2018,,,Birourile/serviciile cadastrale,0.2
2018,,,Instanțele de judecată,0.2
2018,,,Achizițiile publice,0.2
2018,,,Înregistrarea transportului și eliberarea permisului de conducere,0.2
2018,,,Revizia tehnică a automobilelor,0.8
2018,,,Eliberarea autorizațiilor de construcție,0.2
2018,,,Inspecția muncii,0.8
2019,,,,
2019,Bărbați,,,
2019,Femei,,,
2019,,Secundare,,
2019,,Mediu de specialitate,,
2019,,Superior,,
2019,,,Inspectoratele fiscale,
2019,,,Vama,
2019,,,Poliția,
2019,,,Procuratura,
2019,,,Inspecțiile sanitar-epidemiologice,
2019,,,Birourile/serviciile cadastrale,
2019,,,Instanțele de judecată,
2019,,,Achizițiile publice,
2019,,,Înregistrarea transportului și eliberarea permisului de conducere,
2019,,,Revizia tehnică a automobilelor,
2019,,,Eliberarea autorizațiilor de construcție,
2019,,,Inspecția muncii,
2020,,,,
2020,Bărbați,,,
2020,Femei,,,
2020,,Secundare,,
2020,,Mediu de specialitate,,
2020,,Superior,,
2020,,,Inspectoratele fiscale,
2020,,,Vama,
2020,,,Poliția,
2020,,,Procuratura,
2020,,,Inspecțiile sanitar-epidemiologice,
2020,,,Birourile/serviciile cadastrale,
2020,,,Instanțele de judecată,
2020,,,Achizițiile publice,
2020,,,Înregistrarea transportului și eliberarea permisului de conducere,
2020,,,Revizia tehnică a automobilelor,
2020,,,Eliberarea autorizațiilor de construcție,
2020,,,Inspecția muncii,
2021,,,,
2021,Bărbați,,,
2021,Femei,,,
2021,,Secundare,,
2021,,Mediu de specialitate,,
2021,,Superior,,
2021,,,Inspectoratele fiscale,
2021,,,Vama,
2021,,,Poliția,
2021,,,Procuratura,
2021,,,Inspecțiile sanitar-epidemiologice,
2021,,,Birourile/serviciile cadastrale,
2021,,,Instanțele de judecată,
2021,,,Achizițiile publice,
2021,,,Înregistrarea transportului și eliberarea permisului de conducere,
2021,,,Revizia tehnică a automobilelor,
2021,,,Eliberarea autorizațiilor de construcție,
2021,,,Inspecția muncii,
2022,,,,
2022,Bărbați,,,
2022,Femei,,,
2022,,Secundare,,
2022,,Mediu de specialitate,,
2022,,Superior,,
2022,,,Inspectoratele fiscale,
2022,,,Vama,
2022,,,Poliția,
2022,,,Procuratura,
2022,,,Inspecțiile sanitar-epidemiologice,
2022,,,Birourile/serviciile cadastrale,
2022,,,Instanțele de judecată,
2022,,,Achizițiile publice,
2022,,,Înregistrarea transportului și eliberarea permisului de conducere,
2022,,,Revizia tehnică a automobilelor,
2022,,,Eliberarea autorizațiilor de construcție,
2022,,,Inspecția muncii,
