Year,Sex,Nivelul de educaţie,Instituțiile unde s-au efectuat plăți,Value
2010,,,,
2010,Bărbați,,,
2010,Femei,,,
2010,,Medii incomplete,,
2010,,Secundare,,
2010,,Mediu de specialitate,,
2010,,Superior,,
2010,,,Autorități publice centrale,
2010,,,Autorități publice locale,
2010,,,Inspectoratele fiscale,
2010,,,Vama,
2010,,,Poliția,
2010,,,Procuratura,
2010,,,Instanțele de judecată,
2010,,,Instituțiile de învățământ,
2010,,,Instituțiile medicale,
2010,,,Oficiile stării civile,
2010,,,Birourile de pașapoarte,
2010,,,Serviciile comunale,
2010,,,Inspecțiile antiincendiare,
2010,,,Birourile notariale,
2010,,,Înregistrarea transportului și calificarea conducătorilor auto,
2010,,,Revizia tehnică a automobilelor,
2011,,,,
2011,Bărbați,,,
2011,Femei,,,
2011,,Medii incomplete,,
2011,,Secundare,,
2011,,Mediu de specialitate,,
2011,,Superior,,
2011,,,Autorități publice centrale,
2011,,,Autorități publice locale,
2011,,,Inspectoratele fiscale,
2011,,,Vama,
2011,,,Poliția,
2011,,,Procuratura,
2011,,,Instanțele de judecată,
2011,,,Instituțiile de învățământ,
2011,,,Instituțiile medicale,
2011,,,Oficiile stării civile,
2011,,,Birourile de pașapoarte,
2011,,,Serviciile comunale,
2011,,,Inspecțiile antiincendiare,
2011,,,Birourile notariale,
2011,,,Înregistrarea transportului și calificarea conducătorilor auto,
2011,,,Revizia tehnică a automobilelor,
2012,,,,37.2
2012,Bărbați,,,
2012,Femei,,,
2012,,Medii incomplete,,
2012,,Secundare,,
2012,,Mediu de specialitate,,
2012,,Superior,,
2012,,,Autorități publice centrale,0.9
2012,,,Autorități publice locale,1.9
2012,,,Inspectoratele fiscale,1.4
2012,,,Vama,4.4
2012,,,Poliția,6.1
2012,,,Procuratura,0.4
2012,,,Instanțele de judecată,0.7
2012,,,Instituțiile de învățământ,11.7
2012,,,Instituțiile medicale,21.6
2012,,,Oficiile stării civile,1.0
2012,,,Birourile de pașapoarte,1.1
2012,,,Serviciile comunale,0.5
2012,,,Inspecțiile antiincendiare,0.2
2012,,,Birourile notariale,0.4
2012,,,Înregistrarea transportului și calificarea conducătorilor auto,1.4
2012,,,Revizia tehnică a automobilelor,3.1
2013,,,,
2013,Bărbați,,,
2013,Femei,,,
2013,,Medii incomplete,,
2013,,Secundare,,
2013,,Mediu de specialitate,,
2013,,Superior,,
2013,,,Autorități publice centrale,
2013,,,Autorități publice locale,
2013,,,Inspectoratele fiscale,
2013,,,Vama,
2013,,,Poliția,
2013,,,Procuratura,
2013,,,Instanțele de judecată,
2013,,,Instituțiile de învățământ,
2013,,,Instituțiile medicale,
2013,,,Oficiile stării civile,
2013,,,Birourile de pașapoarte,
2013,,,Serviciile comunale,
2013,,,Inspecțiile antiincendiare,
2013,,,Birourile notariale,
2013,,,Înregistrarea transportului și calificarea conducătorilor auto,
2013,,,Revizia tehnică a automobilelor,
2014,,,,34.2
2014,Bărbați,,,
2014,Femei,,,
2014,,Medii incomplete,,
2014,,Secundare,,
2014,,Mediu de specialitate,,
2014,,Superior,,
2014,,,Autorități publice centrale,0.6
2014,,,Autorități publice locale,1.5
2014,,,Inspectoratele fiscale,1.0
2014,,,Vama,4.3
2014,,,Poliția,7.0
2014,,,Procuratura,1.2
2014,,,Instanțele de judecată,0.8
2014,,,Instituțiile de învățământ,8.7
2014,,,Instituțiile medicale,23.2
2014,,,Oficiile stării civile,2.2
2014,,,Birourile de pașapoarte,1.2
2014,,,Serviciile comunale,0.3
2014,,,Inspecțiile antiincendiare,0.5
2014,,,Birourile notariale,1.9
2014,,,Înregistrarea transportului și calificarea conducătorilor auto,2.0
2014,,,Revizia tehnică a automobilelor,3.5
2015,,,,29.4
2015,Bărbați,,,31.2
2015,Femei,,,28.0
2015,,Medii incomplete,,23.6
2015,,Secundare,,28.7
2015,,Mediu de specialitate,,25.0
2015,,Superior,,41.4
2015,,,Autorități publice centrale,0.3
2015,,,Autorități publice locale,0.9
2015,,,Inspectoratele fiscale,0.4
2015,,,Vama,3.5
2015,,,Poliția,5.0
2015,,,Procuratura,0.3
2015,,,Instanțele de judecată,1.0
2015,,,Instituțiile de învățământ,5.8
2015,,,Instituțiile medicale,17.4
2015,,,Oficiile stării civile,0.3
2015,,,Birourile de pașapoarte,0.3
2015,,,Serviciile comunale,0.0
2015,,,Inspecțiile antiincendiare,0.4
2015,,,Birourile notariale,0.6
2015,,,Înregistrarea transportului și calificarea conducătorilor auto,2.1
2015,,,Revizia tehnică a automobilelor,2.7
2016,,,,
2016,Bărbați,,,
2016,Femei,,,
2016,,Medii incomplete,,
2016,,Secundare,,
2016,,Mediu de specialitate,,
2016,,Superior,,
2016,,,Autorități publice centrale,
2016,,,Autorități publice locale,
2016,,,Inspectoratele fiscale,
2016,,,Vama,
2016,,,Poliția,
2016,,,Procuratura,
2016,,,Instanțele de judecată,
2016,,,Instituțiile de învățământ,
2016,,,Instituțiile medicale,
2016,,,Oficiile stării civile,
2016,,,Birourile de pașapoarte,
2016,,,Serviciile comunale,
2016,,,Inspecțiile antiincendiare,
2016,,,Birourile notariale,
2016,,,Înregistrarea transportului și calificarea conducătorilor auto,
2016,,,Revizia tehnică a automobilelor,
2017,,,,
2017,Bărbați,,,
2017,Femei,,,
2017,,Medii incomplete,,
2017,,Secundare,,
2017,,Mediu de specialitate,,
2017,,Superior,,
2017,,,Autorități publice centrale,
2017,,,Autorități publice locale,
2017,,,Inspectoratele fiscale,
2017,,,Vama,
2017,,,Poliția,
2017,,,Procuratura,
2017,,,Instanțele de judecată,
2017,,,Instituțiile de învățământ,
2017,,,Instituțiile medicale,
2017,,,Oficiile stării civile,
2017,,,Birourile de pașapoarte,
2017,,,Serviciile comunale,
2017,,,Inspecțiile antiincendiare,
2017,,,Birourile notariale,
2017,,,Înregistrarea transportului și calificarea conducătorilor auto,
2017,,,Revizia tehnică a automobilelor,
2018,,,,19.5
2018,Bărbați,,,20.8
2018,Femei,,,18.5
2018,,Medii incomplete,,6.5
2018,,Secundare,,17.4
2018,,Mediu de specialitate,,19.7
2018,,Superior,,32.2
2018,,,Autorități publice centrale,0.4
2018,,,Autorități publice locale,0.4
2018,,,Inspectoratele fiscale,1.0
2018,,,Vama,1.9
2018,,,Poliția,5.1
2018,,,Procuratura,0.7
2018,,,Instanțele de judecată,1.3
2018,,,Instituțiile de învățământ,5.7
2018,,,Instituțiile medicale,14.6
2018,,,Oficiile stării civile,1.8
2018,,,Birourile de pașapoarte,0.3
2018,,,Serviciile comunale,0.4
2018,,,Inspecțiile antiincendiare,0.2
2018,,,Birourile notariale,0.5
2018,,,Înregistrarea transportului și calificarea conducătorilor auto,0.8
2018,,,Revizia tehnică a automobilelor,3.5
2019,,,,
2019,Bărbați,,,
2019,Femei,,,
2019,,Medii incomplete,,
2019,,Secundare,,
2019,,Mediu de specialitate,,
2019,,Superior,,
2019,,,Autorități publice centrale,
2019,,,Autorități publice locale,
2019,,,Inspectoratele fiscale,
2019,,,Vama,
2019,,,Poliția,
2019,,,Procuratura,
2019,,,Instanțele de judecată,
2019,,,Instituțiile de învățământ,
2019,,,Instituțiile medicale,
2019,,,Oficiile stării civile,
2019,,,Birourile de pașapoarte,
2019,,,Serviciile comunale,
2019,,,Inspecțiile antiincendiare,
2019,,,Birourile notariale,
2019,,,Înregistrarea transportului și calificarea conducătorilor auto,
2019,,,Revizia tehnică a automobilelor,
2020,,,,
2020,Bărbați,,,
2020,Femei,,,
2020,,Medii incomplete,,
2020,,Secundare,,
2020,,Mediu de specialitate,,
2020,,Superior,,
2020,,,Autorități publice centrale,
2020,,,Autorități publice locale,
2020,,,Inspectoratele fiscale,
2020,,,Vama,
2020,,,Poliția,
2020,,,Procuratura,
2020,,,Instanțele de judecată,
2020,,,Instituțiile de învățământ,
2020,,,Instituțiile medicale,
2020,,,Oficiile stării civile,
2020,,,Birourile de pașapoarte,
2020,,,Serviciile comunale,
2020,,,Inspecțiile antiincendiare,
2020,,,Birourile notariale,
2020,,,Înregistrarea transportului și calificarea conducătorilor auto,
2020,,,Revizia tehnică a automobilelor,
2021,,,,
2021,Bărbați,,,
2021,Femei,,,
2021,,Medii incomplete,,
2021,,Secundare,,
2021,,Mediu de specialitate,,
2021,,Superior,,
2021,,,Autorități publice centrale,
2021,,,Autorități publice locale,
2021,,,Inspectoratele fiscale,
2021,,,Vama,
2021,,,Poliția,
2021,,,Procuratura,
2021,,,Instanțele de judecată,
2021,,,Instituțiile de învățământ,
2021,,,Instituțiile medicale,
2021,,,Oficiile stării civile,
2021,,,Birourile de pașapoarte,
2021,,,Serviciile comunale,
2021,,,Inspecțiile antiincendiare,
2021,,,Birourile notariale,
2021,,,Înregistrarea transportului și calificarea conducătorilor auto,
2021,,,Revizia tehnică a automobilelor,
2022,,,,
2022,Bărbați,,,
2022,Femei,,,
2022,,Medii incomplete,,
2022,,Secundare,,
2022,,Mediu de specialitate,,
2022,,Superior,,
2022,,,Autorități publice centrale,
2022,,,Autorități publice locale,
2022,,,Inspectoratele fiscale,
2022,,,Vama,
2022,,,Poliția,
2022,,,Procuratura,
2022,,,Instanțele de judecată,
2022,,,Instituțiile de învățământ,
2022,,,Instituțiile medicale,
2022,,,Oficiile stării civile,
2022,,,Birourile de pașapoarte,
2022,,,Serviciile comunale,
2022,,,Inspecțiile antiincendiare,
2022,,,Birourile notariale,
2022,,,Înregistrarea transportului și calificarea conducătorilor auto,
2022,,,Revizia tehnică a automobilelor,
