Year,Mediul de reședință,Raioane,Value
2010,,,44.5
2010,Urban,,52.8
2010,Rural,,39.5
2010,,Mun. Chișinău,50.2
2010,,Nord,73.5
2010,,mun. Bălți,
2010,,Briceni,
2010,,Dondușeni,
2010,,Drochia,110.6
2010,,Edineț,225.2
2010,,Fălești,91.1
2010,,Florești,
2010,,Glodeni,
2010,,Ocnița,
2010,,Râșcani,
2010,,Sângerei,176.5
2010,,Soroca,190.3
2010,,Centru,22.7
2010,,Anenii Noi,101.2
2010,,Călărași,
2010,,Criuleni,
2010,,Dubăsari,
2010,,Hâncești,
2010,,Ialoveni,68.7
2010,,Nisporeni,134.4
2010,,Orhei,
2010,,Rezina,
2010,,Strășeni,
2010,,Șoldănești,
2010,,Telenești,
2010,,Ungheni,
2010,,Sud,32.4
2010,,Basarabeasca,
2010,,Cahul,65.6
2010,,Cantemir,
2010,,Căușeni,
2010,,Cimișlia,
2010,,Leova,
2010,,Ștefan Vodă,120.2
2010,,Taraclia,
2010,,UTA Găgăuzia,49.0
2011,,,15.3
2011,Urban,,6.8
2011,Rural,,20.3
2011,,Mun. Chișinău,
2011,,Nord,38.4
2011,,mun. Bălți,
2011,,Briceni,
2011,,Dondușeni,
2011,,Drochia,116.1
2011,,Edineț,
2011,,Fălești,268.6
2011,,Florești,
2011,,Glodeni,
2011,,Ocnița,
2011,,Râșcani,
2011,,Sângerei,
2011,,Soroca,
2011,,Centru,15.6
2011,,Anenii Noi,
2011,,Călărași,112.5
2011,,Criuleni,
2011,,Dubăsari,
2011,,Hâncești,
2011,,Ialoveni,
2011,,Nisporeni,
2011,,Orhei,
2011,,Rezina,
2011,,Strășeni,
2011,,Șoldănești,
2011,,Telenești,116.0
2011,,Ungheni,
2011,,Sud,
2011,,Basarabeasca,
2011,,Cahul,
2011,,Cantemir,
2011,,Căușeni,
2011,,Cimișlia,
2011,,Leova,
2011,,Ștefan Vodă,
2011,,Taraclia,
2011,,UTA Găgăuzia,
2012,,,30.4
2012,Urban,,13.4
2012,Rural,,40.7
2012,,Mun. Chișinău,12.8
2012,,Nord,37.9
2012,,mun. Bălți,
2012,,Briceni,136.1
2012,,Dondușeni,
2012,,Drochia,
2012,,Edineț,122.1
2012,,Fălești,86.1
2012,,Florești,
2012,,Glodeni,
2012,,Ocnița,
2012,,Râșcani,
2012,,Sângerei,84.4
2012,,Soroca,
2012,,Centru,31.2
2012,,Anenii Noi,
2012,,Călărași,
2012,,Criuleni,105.3
2012,,Dubăsari,
2012,,Hâncești,73.6
2012,,Ialoveni,
2012,,Nisporeni,265.3
2012,,Orhei,
2012,,Rezina,
2012,,Strășeni,
2012,,Șoldănești,
2012,,Telenești,
2012,,Ungheni,
2012,,Sud,17.0
2012,,Basarabeasca,
2012,,Cahul,72.5
2012,,Cantemir,
2012,,Căușeni,
2012,,Cimișlia,
2012,,Leova,
2012,,Ștefan Vodă,
2012,,Taraclia,
2012,,UTA Găgăuzia,96.9
2013,,,15.8
2013,Urban,,7.1
2013,Rural,,20.9
2013,,Mun. Chișinău,
2013,,Nord,19.7
2013,,mun. Bălți,
2013,,Briceni,
2013,,Dondușeni,
2013,,Drochia,
2013,,Edineț,
2013,,Fălești,
2013,,Florești,
2013,,Glodeni,
2013,,Ocnița,
2013,,Râșcani,
2013,,Sângerei,86.5
2013,,Soroca,106.2
2013,,Centru,16.0
2013,,Anenii Noi,
2013,,Călărași,
2013,,Criuleni,
2013,,Dubăsari,
2013,,Hâncești,
2013,,Ialoveni,
2013,,Nisporeni,
2013,,Orhei,66.6
2013,,Rezina,177.9
2013,,Strășeni,
2013,,Șoldănești,
2013,,Telenești,
2013,,Ungheni,
2013,,Sud,33.9
2013,,Basarabeasca,
2013,,Cahul,
2013,,Cantemir,
2013,,Căușeni,
2013,,Cimișlia,175.1
2013,,Leova,
2013,,Ștefan Vodă,120.6
2013,,Taraclia,
2013,,UTA Găgăuzia,
2014,,,14.7
2014,Urban,,6.5
2014,Rural,,19.7
2014,,Mun. Chișinău,11.8
2014,,Nord,18.7
2014,,mun. Bălți,
2014,,Briceni,
2014,,Dondușeni,
2014,,Drochia,
2014,,Edineț,
2014,,Fălești,
2014,,Florești,95.1
2014,,Glodeni,143.9
2014,,Ocnița,
2014,,Râșcani,
2014,,Sângerei,
2014,,Soroca,
2014,,Centru,14.7
2014,,Anenii Noi,
2014,,Călărași,
2014,,Criuleni,
2014,,Dubăsari,
2014,,Hâncești,
2014,,Ialoveni,
2014,,Nisporeni,
2014,,Orhei,
2014,,Rezina,
2014,,Strășeni,
2014,,Șoldănești,
2014,,Telenești,107.1
2014,,Ungheni,63.9
2014,,Sud,
2014,,Basarabeasca,
2014,,Cahul,
2014,,Cantemir,
2014,,Căușeni,
2014,,Cimișlia,
2014,,Leova,
2014,,Ștefan Vodă,
2014,,Taraclia,
2014,,UTA Găgăuzia,51.4
2015,,,29.6
2015,Urban,,13.4
2015,Rural,,39.1
2015,,Mun. Chișinău,12.1
2015,,Nord,28.0
2015,,mun. Bălți,
2015,,Briceni,
2015,,Dondușeni,227.8
2015,,Drochia,104.5
2015,,Edineț,
2015,,Fălești,
2015,,Florești,96.4
2015,,Glodeni,
2015,,Ocnița,
2015,,Râșcani,
2015,,Sângerei,
2015,,Soroca,
2015,,Centru,36.8
2015,,Anenii Noi,
2015,,Călărași,98.7
2015,,Criuleni,196.3
2015,,Dubăsari,
2015,,Hâncești,
2015,,Ialoveni,
2015,,Nisporeni,
2015,,Orhei,63.7
2015,,Rezina,
2015,,Strășeni,79.7
2015,,Șoldănești,
2015,,Telenești,
2015,,Ungheni,
2015,,Sud,48.8
2015,,Basarabeasca,
2015,,Cahul,142.1
2015,,Cantemir,
2015,,Căușeni,
2015,,Cimișlia,163.7
2015,,Leova,
2015,,Ștefan Vodă,
2015,,Taraclia,
2015,,UTA Găgăuzia,
2016,,,17.7
2016,Urban,,40.1
2016,Rural,,4.1
2016,,Mun. Chișinău,47.3
2016,,Nord,
2016,,mun. Bălți,
2016,,Briceni,
2016,,Dondușeni,
2016,,Drochia,
2016,,Edineț,
2016,,Fălești,
2016,,Florești,
2016,,Glodeni,
2016,,Ocnița,
2016,,Râșcani,
2016,,Sângerei,
2016,,Soroca,
2016,,Centru,7.6
2016,,Anenii Noi,
2016,,Călărași,
2016,,Criuleni,
2016,,Dubăsari,
2016,,Hâncești,
2016,,Ialoveni,
2016,,Nisporeni,
2016,,Orhei,64.9
2016,,Rezina,
2016,,Strășeni,
2016,,Șoldănești,
2016,,Telenești,
2016,,Ungheni,
2016,,Sud,34.4
2016,,Basarabeasca,
2016,,Cahul,
2016,,Cantemir,
2016,,Căușeni,98.3
2016,,Cimișlia,
2016,,Leova,
2016,,Ștefan Vodă,
2016,,Taraclia,256.4
2016,,UTA Găgăuzia,
2017,,,16.5
2017,Urban,,7.2
2017,Rural,,22.2
2017,,Mun. Chișinău,
2017,,Nord,20.7
2017,,mun. Bălți,78.7
2017,,Briceni,156.7
2017,,Dondușeni,
2017,,Drochia,
2017,,Edineț,
2017,,Fălești,
2017,,Florești,
2017,,Glodeni,
2017,,Ocnița,
2017,,Râșcani,
2017,,Sângerei,
2017,,Soroca,
2017,,Centru,16.7
2017,,Anenii Noi,
2017,,Călărași,120.5
2017,,Criuleni,
2017,,Dubăsari,
2017,,Hâncești,
2017,,Ialoveni,80.3
2017,,Nisporeni,
2017,,Orhei,
2017,,Rezina,
2017,,Strășeni,
2017,,Șoldănești,
2017,,Telenești,
2017,,Ungheni,
2017,,Sud,37.3
2017,,Basarabeasca,
2017,,Cahul,81.4
2017,,Cantemir,153.6
2017,,Căușeni,
2017,,Cimișlia,
2017,,Leova,
2017,,Ștefan Vodă,
2017,,Taraclia,
2017,,UTA Găgăuzia,
2018,,,14.5
2018,Urban,,
2018,Rural,,23.5
2018,,Mun. Chișinău,
2018,,Nord,32.9
2018,,mun. Bălți,
2018,,Briceni,
2018,,Dondușeni,223.7
2018,,Drochia,
2018,,Edineț,
2018,,Fălești,212.3
2018,,Florești,
2018,,Glodeni,
2018,,Ocnița,
2018,,Râșcani,
2018,,Sângerei,
2018,,Soroca,
2018,,Centru,8.9
2018,,Anenii Noi,
2018,,Călărași,
2018,,Criuleni,
2018,,Dubăsari,
2018,,Hâncești,
2018,,Ialoveni,
2018,,Nisporeni,
2018,,Orhei,77.3
2018,,Rezina,
2018,,Strășeni,
2018,,Șoldănești,
2018,,Telenești,
2018,,Ungheni,
2018,,Sud,20.2
2018,,Basarabeasca,
2018,,Cahul,
2018,,Cantemir,
2018,,Căușeni,
2018,,Cimișlia,
2018,,Leova,
2018,,Ștefan Vodă,137.0
2018,,Taraclia,
2018,,UTA Găgăuzia,
2019,,,15.4
2019,Urban,,15.7
2019,Rural,,15.3
2019,,Mun. Chișinău,26.7
2019,,Nord,11.9
2019,,mun. Bălți,
2019,,Briceni,
2019,,Dondușeni,
2019,,Drochia,
2019,,Edineț,
2019,,Fălești,
2019,,Florești,124.7
2019,,Glodeni,
2019,,Ocnița,
2019,,Râșcani,
2019,,Sângerei,
2019,,Soroca,
2019,,Centru,19.4
2019,,Anenii Noi,
2019,,Călărași,139.5
2019,,Criuleni,
2019,,Dubăsari,
2019,,Hâncești,
2019,,Ialoveni,
2019,,Nisporeni,
2019,,Orhei,
2019,,Rezina,
2019,,Strășeni,
2019,,Șoldănești,
2019,,Telenești,
2019,,Ungheni,83.6
2019,,Sud,
2019,,Basarabeasca,
2019,,Cahul,
2019,,Cantemir,
2019,,Căușeni,
2019,,Cimișlia,
2019,,Leova,
2019,,Ștefan Vodă,
2019,,Taraclia,
2019,,UTA Găgăuzia,
2020,,,16.2
2020,Urban,,24.6
2020,Rural,,10.7
2020,,Mun. Chișinău,13.7
2020,,Nord,12.7
2020,,mun. Bălți,
2020,,Briceni,
2020,,Dondușeni,
2020,,Drochia,
2020,,Edineț,
2020,,Fălești,
2020,,Florești,
2020,,Glodeni,
2020,,Ocnița,271.7
2020,,Râșcani,
2020,,Sângerei,
2020,,Soroca,
2020,,Centru,20.4
2020,,Anenii Noi,
2020,,Călărași,
2020,,Criuleni,134.6
2020,,Dubăsari,
2020,,Hâncești,
2020,,Ialoveni,
2020,,Nisporeni,
2020,,Orhei,
2020,,Rezina,
2020,,Strășeni,
2020,,Șoldănești,229.9
2020,,Telenești,
2020,,Ungheni,
2020,,Sud,23.1
2020,,Basarabeasca,
2020,,Cahul,104.9
2020,,Cantemir,
2020,,Căușeni,
2020,,Cimișlia,
2020,,Leova,
2020,,Ștefan Vodă,
2020,,Taraclia,
2020,,UTA Găgăuzia,
2021,,,47.9
2021,Urban,,50.7
2021,Rural,,46.0
2021,,Mun. Chișinău,28.6
2021,,Nord,65.8
2021,,mun. Bălți,181.2
2021,,Briceni,
2021,,Dondușeni,
2021,,Drochia,
2021,,Edineț,167.8
2021,,Fălești,
2021,,Florești,144.3
2021,,Glodeni,
2021,,Ocnița,
2021,,Râșcani,
2021,,Sângerei,
2021,,Soroca,135.9
2021,,Centru,65.9
2021,,Anenii Noi,138.5
2021,,Călărași,163.9
2021,,Criuleni,144.5
2021,,Dubăsari,
2021,,Hâncești,
2021,,Ialoveni,105.2
2021,,Nisporeni,
2021,,Orhei,
2021,,Rezina,234.2
2021,,Strășeni,
2021,,Șoldănești,
2021,,Telenești,
2021,,Ungheni,94.4
2021,,Sud,24.5
2021,,Basarabeasca,
2021,,Cahul,112.0
2021,,Cantemir,
2021,,Căușeni,
2021,,Cimișlia,
2021,,Leova,
2021,,Ștefan Vodă,
2021,,Taraclia,
2021,,UTA Găgăuzia,
2022,,,
2022,Urban,,
2022,Rural,,
2022,,Mun. Chișinău,
2022,,Nord,
2022,,mun. Bălți,
2022,,Briceni,
2022,,Dondușeni,
2022,,Drochia,
2022,,Edineț,
2022,,Fălești,
2022,,Florești,
2022,,Glodeni,
2022,,Ocnița,
2022,,Râșcani,
2022,,Sângerei,
2022,,Soroca,
2022,,Centru,
2022,,Anenii Noi,
2022,,Călărași,
2022,,Criuleni,
2022,,Dubăsari,
2022,,Hâncești,
2022,,Ialoveni,
2022,,Nisporeni,
2022,,Orhei,
2022,,Rezina,
2022,,Strășeni,
2022,,Șoldănești,
2022,,Telenești,
2022,,Ungheni,
2022,,Sud,
2022,,Basarabeasca,
2022,,Cahul,
2022,,Cantemir,
2022,,Căușeni,
2022,,Cimișlia,
2022,,Leova,
2022,,Ștefan Vodă,
2022,,Taraclia,
2022,,UTA Găgăuzia,
