Year,Sex,Copii până la 18 ani,Value
2010,,,
2010,Bărbați,,
2010,Femei,,
2010,,Total up to the age of 18  years old,
2010,,Boys up to the age of 18  years old,
2010,,Girls up to the age of 18  years old,
2011,,,
2011,Bărbați,,
2011,Femei,,
2011,,Total up to the age of 18  years old,
2011,,Boys up to the age of 18  years old,
2011,,Girls up to the age of 18  years old,
2012,,,
2012,Bărbați,,
2012,Femei,,
2012,,Total up to the age of 18  years old,
2012,,Boys up to the age of 18  years old,
2012,,Girls up to the age of 18  years old,
2013,,,
2013,Bărbați,,
2013,Femei,,
2013,,Total up to the age of 18  years old,
2013,,Boys up to the age of 18  years old,
2013,,Girls up to the age of 18  years old,
2014,,,20.3
2014,Bărbați,,36.3
2014,Femei,,5.6
2014,,Total up to the age of 18  years old,0.2
2014,,Boys up to the age of 18  years old,0.4
2014,,Girls up to the age of 18  years old,0.1
2015,,,19.6
2015,Bărbați,,34.0
2015,Femei,,6.3
2015,,Total up to the age of 18  years old,0.1
2015,,Boys up to the age of 18  years old,0.2
2015,,Girls up to the age of 18  years old,0.1
2016,,,19.5
2016,Bărbați,,34.3
2016,Femei,,5.8
2016,,Total up to the age of 18  years old,0.3
2016,,Boys up to the age of 18  years old,0.4
2016,,Girls up to the age of 18  years old,0.2
2017,,,18.4
2017,Bărbați,,33.0
2017,Femei,,4.9
2017,,Total up to the age of 18  years old,0.3
2017,,Boys up to the age of 18  years old,0.4
2017,,Girls up to the age of 18  years old,0.1
2018,,,18.1
2018,Bărbați,,32.9
2018,Femei,,4.5
2018,,Total up to the age of 18  years old,0.1
2018,,Boys up to the age of 18  years old,0.2
2018,,Girls up to the age of 18  years old,0.1
2019,,,17.5
2019,Bărbați,,31.4
2019,Femei,,4.9
2019,,Total up to the age of 18  years old,0.2
2019,,Boys up to the age of 18  years old,0.2
2019,,Girls up to the age of 18  years old,0.1
2020,,,18.5
2020,Bărbați,,32.3
2020,Femei,,5.9
2020,,Total up to the age of 18  years old,0.2
2020,,Boys up to the age of 18  years old,0.2
2020,,Girls up to the age of 18  years old,0.2
2021,,,17.8
2021,Bărbați,,30.5
2021,Femei,,6.2
2021,,Total up to the age of 18  years old,0.2
2021,,Boys up to the age of 18  years old,0.2
2021,,Girls up to the age of 18  years old,0.2
2022,,,
2022,Bărbați,,
2022,Femei,,
2022,,Total up to the age of 18  years old,
2022,,Boys up to the age of 18  years old,
2022,,Girls up to the age of 18  years old,
