Year,Sex,Mediul de reședință,Mediul de reședință/Sex,Age group/sex,Value
2010,,,,,
2010,Bărbați,,,,
2010,Femei,,,,
2010,,Urban,,,
2010,,Rural,,,
2010,,,Urban/Bărbați,,
2010,,,Rural/men,,
2010,,,Urban/Femei,,
2010,,,Rural/Femei,,
2010,,,,15-24/Bărbați,
2010,,,,15-24/ Women,
2010,,,,25-34/Bărbați,
2010,,,,25-34/Femei,
2010,,,,35-44/Bărbați,
2010,,,,35-44/Femei,
2010,,,,45-49/Bărbați,
2010,,,,45-49/Femei,
2011,,,,,
2011,Bărbați,,,,
2011,Femei,,,,
2011,,Urban,,,
2011,,Rural,,,
2011,,,Urban/Bărbați,,
2011,,,Rural/men,,
2011,,,Urban/Femei,,
2011,,,Rural/Femei,,
2011,,,,15-24/Bărbați,
2011,,,,15-24/ Women,
2011,,,,25-34/Bărbați,
2011,,,,25-34/Femei,
2011,,,,35-44/Bărbați,
2011,,,,35-44/Femei,
2011,,,,45-49/Bărbați,
2011,,,,45-49/Femei,
2012,,,,,68.5
2012,Bărbați,,,,80.0
2012,Femei,,,,57.0
2012,,Urban,,,
2012,,Rural,,,
2012,,,Urban/Bărbați,,78.0
2012,,,Rural/men,,81.0
2012,,,Urban/Femei,,61.0
2012,,,Rural/Femei,,54.0
2012,,,,15-24/Bărbați,71.2
2012,,,,15-24/ Women,48.7
2012,,,,25-34/Bărbați,85.4
2012,,,,25-34/Femei,59.8
2012,,,,35-44/Bărbați,84.6
2012,,,,35-44/Femei,62.7
2012,,,,45-49/Bărbați,79.6
2012,,,,45-49/Femei,59.8
2013,,,,,61.9
2013,Bărbați,,,,69.8
2013,Femei,,,,53.5
2013,,Urban,,,59.0
2013,,Rural,,,64.5
2013,,,Urban/Bărbați,,
2013,,,Rural/men,,
2013,,,Urban/Femei,,
2013,,,Rural/Femei,,
2013,,,,15-24/Bărbați,
2013,,,,15-24/ Women,
2013,,,,25-34/Bărbați,
2013,,,,25-34/Femei,
2013,,,,35-44/Bărbați,
2013,,,,35-44/Femei,
2013,,,,45-49/Bărbați,
2013,,,,45-49/Femei,
2014,,,,,
2014,Bărbați,,,,
2014,Femei,,,,
2014,,Urban,,,
2014,,Rural,,,
2014,,,Urban/Bărbați,,
2014,,,Rural/men,,
2014,,,Urban/Femei,,
2014,,,Rural/Femei,,
2014,,,,15-24/Bărbați,
2014,,,,15-24/ Women,
2014,,,,25-34/Bărbați,
2014,,,,25-34/Femei,
2014,,,,35-44/Bărbați,
2014,,,,35-44/Femei,
2014,,,,45-49/Bărbați,
2014,,,,45-49/Femei,
2015,,,,,
2015,Bărbați,,,,
2015,Femei,,,,
2015,,Urban,,,
2015,,Rural,,,
2015,,,Urban/Bărbați,,
2015,,,Rural/men,,
2015,,,Urban/Femei,,
2015,,,Rural/Femei,,
2015,,,,15-24/Bărbați,
2015,,,,15-24/ Women,
2015,,,,25-34/Bărbați,
2015,,,,25-34/Femei,
2015,,,,35-44/Bărbați,
2015,,,,35-44/Femei,
2015,,,,45-49/Bărbați,
2015,,,,45-49/Femei,
2016,,,,,
2016,Bărbați,,,,
2016,Femei,,,,
2016,,Urban,,,
2016,,Rural,,,
2016,,,Urban/Bărbați,,
2016,,,Rural/men,,
2016,,,Urban/Femei,,
2016,,,Rural/Femei,,
2016,,,,15-24/Bărbați,
2016,,,,15-24/ Women,
2016,,,,25-34/Bărbați,
2016,,,,25-34/Femei,
2016,,,,35-44/Bărbați,
2016,,,,35-44/Femei,
2016,,,,45-49/Bărbați,
2016,,,,45-49/Femei,
2017,,,,,61.0
2017,Bărbați,,,,75.8
2017,Femei,,,,49.5
2017,,Urban,,,61.3
2017,,Rural,,,60.6
2017,,,Urban/Bărbați,,
2017,,,Rural/men,,
2017,,,Urban/Femei,,
2017,,,Rural/Femei,,
2017,,,,15-24/Bărbați,
2017,,,,15-24/ Women,
2017,,,,25-34/Bărbați,
2017,,,,25-34/Femei,
2017,,,,35-44/Bărbați,
2017,,,,35-44/Femei,
2017,,,,45-49/Bărbați,
2017,,,,45-49/Femei,
2018,,,,,
2018,Bărbați,,,,
2018,Femei,,,,
2018,,Urban,,,
2018,,Rural,,,
2018,,,Urban/Bărbați,,
2018,,,Rural/men,,
2018,,,Urban/Femei,,
2018,,,Rural/Femei,,
2018,,,,15-24/Bărbați,
2018,,,,15-24/ Women,
2018,,,,25-34/Bărbați,
2018,,,,25-34/Femei,
2018,,,,35-44/Bărbați,
2018,,,,35-44/Femei,
2018,,,,45-49/Bărbați,
2018,,,,45-49/Femei,
2019,,,,,
2019,Bărbați,,,,
2019,Femei,,,,
2019,,Urban,,,
2019,,Rural,,,
2019,,,Urban/Bărbați,,
2019,,,Rural/men,,
2019,,,Urban/Femei,,
2019,,,Rural/Femei,,
2019,,,,15-24/Bărbați,
2019,,,,15-24/ Women,
2019,,,,25-34/Bărbați,
2019,,,,25-34/Femei,
2019,,,,35-44/Bărbați,
2019,,,,35-44/Femei,
2019,,,,45-49/Bărbați,
2019,,,,45-49/Femei,
2020,,,,,
2020,Bărbați,,,,
2020,Femei,,,,
2020,,Urban,,,
2020,,Rural,,,
2020,,,Urban/Bărbați,,
2020,,,Rural/men,,
2020,,,Urban/Femei,,
2020,,,Rural/Femei,,
2020,,,,15-24/Bărbați,
2020,,,,15-24/ Women,
2020,,,,25-34/Bărbați,
2020,,,,25-34/Femei,
2020,,,,35-44/Bărbați,
2020,,,,35-44/Femei,
2020,,,,45-49/Bărbați,
2020,,,,45-49/Femei,
2021,,,,,63.2
2021,Bărbați,,,,73.1
2021,Femei,,,,53.2
2021,,Urban,,,68.2
2021,,Rural,,,57.8
2021,,,Urban/Bărbați,,
2021,,,Rural/men,,
2021,,,Urban/Femei,,
2021,,,Rural/Femei,,
2021,,,,15-24/Bărbați,
2021,,,,15-24/ Women,
2021,,,,25-34/Bărbați,
2021,,,,25-34/Femei,
2021,,,,35-44/Bărbați,
2021,,,,35-44/Femei,
2021,,,,45-49/Bărbați,
2021,,,,45-49/Femei,
2022,,,,,
2022,Bărbați,,,,
2022,Femei,,,,
2022,,Urban,,,
2022,,Rural,,,
2022,,,Urban/Bărbați,,
2022,,,Rural/men,,
2022,,,Urban/Femei,,
2022,,,Rural/Femei,,
2022,,,,15-24/Bărbați,
2022,,,,15-24/ Women,
2022,,,,25-34/Bărbați,
2022,,,,25-34/Femei,
2022,,,,35-44/Bărbați,
2022,,,,35-44/Femei,
2022,,,,45-49/Bărbați,
2022,,,,45-49/Femei,
