Year,Mediul de reședință,Nivele de educație, ,Value
2010,,,,
2010,Urban,,,
2010,Rural,,,
2010,,Educație timpurie,,
2010,,învățământ primar,,
2010,,mediu general,,
2010,,liceal,,
2010,,,,
2011,,,,
2011,Urban,,,
2011,Rural,,,
2011,,Educație timpurie,,
2011,,învățământ primar,,
2011,,mediu general,,
2011,,liceal,,
2011,,,,
2012,,,,
2012,Urban,,,
2012,Rural,,,
2012,,Educație timpurie,,
2012,,învățământ primar,,
2012,,mediu general,,
2012,,liceal,,
2012,,,,
2013,,,,
2013,Urban,,,
2013,Rural,,,
2013,,Educație timpurie,,
2013,,învățământ primar,,
2013,,mediu general,,
2013,,liceal,,
2013,,,,
2014,,,,
2014,Urban,,,
2014,Rural,,,
2014,,Educație timpurie,,
2014,,învățământ primar,,
2014,,mediu general,,
2014,,liceal,,
2014,,,,
2015,,,,
2015,Urban,,,
2015,Rural,,,
2015,,Educație timpurie,,
2015,,învățământ primar,,
2015,,mediu general,,
2015,,liceal,,
2015,,,,
2016,,,,
2016,Urban,,,
2016,Rural,,,
2016,,Educație timpurie,,
2016,,învățământ primar,,
2016,,mediu general,,
2016,,liceal,,
2016,,,,
2017,,,,
2017,Urban,,,
2017,Rural,,,
2017,,Educație timpurie,,
2017,,învățământ primar,,
2017,,mediu general,,
2017,,liceal,,
2017,,,,
2018,,,,
2018,Urban,,,
2018,Rural,,,
2018,,Educație timpurie,,
2018,,învățământ primar,,
2018,,mediu general,,
2018,,liceal,,
2018,,,,
2019,,,,
2019,Urban,,,
2019,Rural,,,
2019,,Educație timpurie,,
2019,,învățământ primar,,
2019,,mediu general,,
2019,,liceal,,
2019,,,,
2020,,,,100.0
2020,Urban,,,100.0
2020,Rural,,,100.0
2020,,Educație timpurie,,100.0
2020,,învățământ primar,,100.0
2020,,mediu general,,100.0
2020,,liceal,,100.0
2020,,,,
2021,,,,100.0
2021,Urban,,,100.0
2021,Rural,,,100.0
2021,,Educație timpurie,,100.0
2021,,învățământ primar,,100.0
2021,,mediu general,,100.0
2021,,liceal,,100.0
2021,,,,
2022,,,,100.0
2022,Urban,,,100.0
2022,Rural,,,100.0
2022,,Educație timpurie,,100.0
2022,,învățământ primar,,100.0
2022,,mediu general,,100.0
2022,,liceal,,100.0
2022,,,,
