Year,Units,Series,Mediul de reședință,Activități economice,Forme de proprietate,Value
2010,Percent,Proporția posturilor de conducere ocupate de femei,,,,
2010,Percent,Proporția posturilor de conducere ocupate de femei,Urban,,,
2010,Percent,Proporția posturilor de conducere ocupate de femei,Rural,,,
2010,Percent,Proporția posturilor de conducere ocupate de femei,,Agricultură,,
2010,Percent,Proporția posturilor de conducere ocupate de femei,,Industrie,,
2010,Percent,Proporția posturilor de conducere ocupate de femei,,Construcții,,
2010,Percent,Proporția posturilor de conducere ocupate de femei,,Comerț cu ridicata și amănuntul; activități de cazare și alimentație publică,,
2010,Percent,Proporția posturilor de conducere ocupate de femei,,Transport și depozitare; informații și comunicații,,
2010,Percent,Proporția posturilor de conducere ocupate de femei,,Administrație publică; învățământ; sănătate și asistență socială,,
2010,Percent,Proporția posturilor de conducere ocupate de femei,,Alte activități,,
2010,Percent,Proporția posturilor de conducere ocupate de femei,,,Publică,
2010,Percent,Proporția posturilor de conducere ocupate de femei,,,Alte forme,
2010,Percent,Proporția femeilor în funcții de conducere de nivel superior și mediu,,,,
2010,Percent,Proporția femeilor în funcții de conducere de nivel superior și mediu,Urban,,,
2010,Percent,Proporția femeilor în funcții de conducere de nivel superior și mediu,Rural,,,
2010,Percent,Proporția femeilor în funcții de conducere de nivel superior și mediu,,Agricultură,,
2010,Percent,Proporția femeilor în funcții de conducere de nivel superior și mediu,,Industrie,,
2010,Percent,Proporția femeilor în funcții de conducere de nivel superior și mediu,,Construcții,,
2010,Percent,Proporția femeilor în funcții de conducere de nivel superior și mediu,,Comerț cu ridicata și amănuntul; activități de cazare și alimentație publică,,
2010,Percent,Proporția femeilor în funcții de conducere de nivel superior și mediu,,Transport și depozitare; informații și comunicații,,
2010,Percent,Proporția femeilor în funcții de conducere de nivel superior și mediu,,Administrație publică; învățământ; sănătate și asistență socială,,
2010,Percent,Proporția femeilor în funcții de conducere de nivel superior și mediu,,Alte activități,,
2010,Percent,Proporția femeilor în funcții de conducere de nivel superior și mediu,,,Publică,
2010,Percent,Proporția femeilor în funcții de conducere de nivel superior și mediu,,,Alte forme,
2011,Percent,Proporția posturilor de conducere ocupate de femei,,,,
2011,Percent,Proporția posturilor de conducere ocupate de femei,Urban,,,
2011,Percent,Proporția posturilor de conducere ocupate de femei,Rural,,,
2011,Percent,Proporția posturilor de conducere ocupate de femei,,Agricultură,,
2011,Percent,Proporția posturilor de conducere ocupate de femei,,Industrie,,
2011,Percent,Proporția posturilor de conducere ocupate de femei,,Construcții,,
2011,Percent,Proporția posturilor de conducere ocupate de femei,,Comerț cu ridicata și amănuntul; activități de cazare și alimentație publică,,
2011,Percent,Proporția posturilor de conducere ocupate de femei,,Transport și depozitare; informații și comunicații,,
2011,Percent,Proporția posturilor de conducere ocupate de femei,,Administrație publică; învățământ; sănătate și asistență socială,,
2011,Percent,Proporția posturilor de conducere ocupate de femei,,Alte activități,,
2011,Percent,Proporția posturilor de conducere ocupate de femei,,,Publică,
2011,Percent,Proporția posturilor de conducere ocupate de femei,,,Alte forme,
2011,Percent,Proporția femeilor în funcții de conducere de nivel superior și mediu,,,,
2011,Percent,Proporția femeilor în funcții de conducere de nivel superior și mediu,Urban,,,
2011,Percent,Proporția femeilor în funcții de conducere de nivel superior și mediu,Rural,,,
2011,Percent,Proporția femeilor în funcții de conducere de nivel superior și mediu,,Agricultură,,
2011,Percent,Proporția femeilor în funcții de conducere de nivel superior și mediu,,Industrie,,
2011,Percent,Proporția femeilor în funcții de conducere de nivel superior și mediu,,Construcții,,
2011,Percent,Proporția femeilor în funcții de conducere de nivel superior și mediu,,Comerț cu ridicata și amănuntul; activități de cazare și alimentație publică,,
2011,Percent,Proporția femeilor în funcții de conducere de nivel superior și mediu,,Transport și depozitare; informații și comunicații,,
2011,Percent,Proporția femeilor în funcții de conducere de nivel superior și mediu,,Administrație publică; învățământ; sănătate și asistență socială,,
2011,Percent,Proporția femeilor în funcții de conducere de nivel superior și mediu,,Alte activități,,
2011,Percent,Proporția femeilor în funcții de conducere de nivel superior și mediu,,,Publică,
2011,Percent,Proporția femeilor în funcții de conducere de nivel superior și mediu,,,Alte forme,
2012,Percent,Proporția posturilor de conducere ocupate de femei,,,,
2012,Percent,Proporția posturilor de conducere ocupate de femei,Urban,,,
2012,Percent,Proporția posturilor de conducere ocupate de femei,Rural,,,
2012,Percent,Proporția posturilor de conducere ocupate de femei,,Agricultură,,
2012,Percent,Proporția posturilor de conducere ocupate de femei,,Industrie,,
2012,Percent,Proporția posturilor de conducere ocupate de femei,,Construcții,,
2012,Percent,Proporția posturilor de conducere ocupate de femei,,Comerț cu ridicata și amănuntul; activități de cazare și alimentație publică,,
2012,Percent,Proporția posturilor de conducere ocupate de femei,,Transport și depozitare; informații și comunicații,,
2012,Percent,Proporția posturilor de conducere ocupate de femei,,Administrație publică; învățământ; sănătate și asistență socială,,
2012,Percent,Proporția posturilor de conducere ocupate de femei,,Alte activități,,
2012,Percent,Proporția posturilor de conducere ocupate de femei,,,Publică,
2012,Percent,Proporția posturilor de conducere ocupate de femei,,,Alte forme,
2012,Percent,Proporția femeilor în funcții de conducere de nivel superior și mediu,,,,
2012,Percent,Proporția femeilor în funcții de conducere de nivel superior și mediu,Urban,,,
2012,Percent,Proporția femeilor în funcții de conducere de nivel superior și mediu,Rural,,,
2012,Percent,Proporția femeilor în funcții de conducere de nivel superior și mediu,,Agricultură,,
2012,Percent,Proporția femeilor în funcții de conducere de nivel superior și mediu,,Industrie,,
2012,Percent,Proporția femeilor în funcții de conducere de nivel superior și mediu,,Construcții,,
2012,Percent,Proporția femeilor în funcții de conducere de nivel superior și mediu,,Comerț cu ridicata și amănuntul; activități de cazare și alimentație publică,,
2012,Percent,Proporția femeilor în funcții de conducere de nivel superior și mediu,,Transport și depozitare; informații și comunicații,,
2012,Percent,Proporția femeilor în funcții de conducere de nivel superior și mediu,,Administrație publică; învățământ; sănătate și asistență socială,,
2012,Percent,Proporția femeilor în funcții de conducere de nivel superior și mediu,,Alte activități,,
2012,Percent,Proporția femeilor în funcții de conducere de nivel superior și mediu,,,Publică,
2012,Percent,Proporția femeilor în funcții de conducere de nivel superior și mediu,,,Alte forme,
2013,Percent,Proporția posturilor de conducere ocupate de femei,,,,
2013,Percent,Proporția posturilor de conducere ocupate de femei,Urban,,,
2013,Percent,Proporția posturilor de conducere ocupate de femei,Rural,,,
2013,Percent,Proporția posturilor de conducere ocupate de femei,,Agricultură,,
2013,Percent,Proporția posturilor de conducere ocupate de femei,,Industrie,,
2013,Percent,Proporția posturilor de conducere ocupate de femei,,Construcții,,
2013,Percent,Proporția posturilor de conducere ocupate de femei,,Comerț cu ridicata și amănuntul; activități de cazare și alimentație publică,,
2013,Percent,Proporția posturilor de conducere ocupate de femei,,Transport și depozitare; informații și comunicații,,
2013,Percent,Proporția posturilor de conducere ocupate de femei,,Administrație publică; învățământ; sănătate și asistență socială,,
2013,Percent,Proporția posturilor de conducere ocupate de femei,,Alte activități,,
2013,Percent,Proporția posturilor de conducere ocupate de femei,,,Publică,
2013,Percent,Proporția posturilor de conducere ocupate de femei,,,Alte forme,
2013,Percent,Proporția femeilor în funcții de conducere de nivel superior și mediu,,,,
2013,Percent,Proporția femeilor în funcții de conducere de nivel superior și mediu,Urban,,,
2013,Percent,Proporția femeilor în funcții de conducere de nivel superior și mediu,Rural,,,
2013,Percent,Proporția femeilor în funcții de conducere de nivel superior și mediu,,Agricultură,,
2013,Percent,Proporția femeilor în funcții de conducere de nivel superior și mediu,,Industrie,,
2013,Percent,Proporția femeilor în funcții de conducere de nivel superior și mediu,,Construcții,,
2013,Percent,Proporția femeilor în funcții de conducere de nivel superior și mediu,,Comerț cu ridicata și amănuntul; activități de cazare și alimentație publică,,
2013,Percent,Proporția femeilor în funcții de conducere de nivel superior și mediu,,Transport și depozitare; informații și comunicații,,
2013,Percent,Proporția femeilor în funcții de conducere de nivel superior și mediu,,Administrație publică; învățământ; sănătate și asistență socială,,
2013,Percent,Proporția femeilor în funcții de conducere de nivel superior și mediu,,Alte activități,,
2013,Percent,Proporția femeilor în funcții de conducere de nivel superior și mediu,,,Publică,
2013,Percent,Proporția femeilor în funcții de conducere de nivel superior și mediu,,,Alte forme,
2014,Percent,Proporția posturilor de conducere ocupate de femei,,,,42.6
2014,Percent,Proporția posturilor de conducere ocupate de femei,Urban,,,40.4
2014,Percent,Proporția posturilor de conducere ocupate de femei,Rural,,,48.8
2014,Percent,Proporția posturilor de conducere ocupate de femei,,Agricultură,,10.3
2014,Percent,Proporția posturilor de conducere ocupate de femei,,Industrie,,35.4
2014,Percent,Proporția posturilor de conducere ocupate de femei,,Construcții,,14.3
2014,Percent,Proporția posturilor de conducere ocupate de femei,,Comerț cu ridicata și amănuntul; activități de cazare și alimentație publică,,36.2
2014,Percent,Proporția posturilor de conducere ocupate de femei,,Transport și depozitare; informații și comunicații,,47.2
2014,Percent,Proporția posturilor de conducere ocupate de femei,,Administrație publică; învățământ; sănătate și asistență socială,,58.2
2014,Percent,Proporția posturilor de conducere ocupate de femei,,Alte activități,,50.6
2014,Percent,Proporția posturilor de conducere ocupate de femei,,,Publică,56.5
2014,Percent,Proporția posturilor de conducere ocupate de femei,,,Alte forme,36.6
2014,Percent,Proporția femeilor în funcții de conducere de nivel superior și mediu,,,,43.7
2014,Percent,Proporția femeilor în funcții de conducere de nivel superior și mediu,Urban,,,41.1
2014,Percent,Proporția femeilor în funcții de conducere de nivel superior și mediu,Rural,,,50.4
2014,Percent,Proporția femeilor în funcții de conducere de nivel superior și mediu,,Agricultură,,10.3
2014,Percent,Proporția femeilor în funcții de conducere de nivel superior și mediu,,Industrie,,36.4
2014,Percent,Proporția femeilor în funcții de conducere de nivel superior și mediu,,Construcții,,14.3
2014,Percent,Proporția femeilor în funcții de conducere de nivel superior și mediu,,Comerț cu ridicata și amănuntul; activități de cazare și alimentație publică,,37.4
2014,Percent,Proporția femeilor în funcții de conducere de nivel superior și mediu,,Transport și depozitare; informații și comunicații,,47.4
2014,Percent,Proporția femeilor în funcții de conducere de nivel superior și mediu,,Administrație publică; învățământ; sănătate și asistență socială,,58.5
2014,Percent,Proporția femeilor în funcții de conducere de nivel superior și mediu,,Alte activități,,52.1
2014,Percent,Proporția femeilor în funcții de conducere de nivel superior și mediu,,,Publică,57.6
2014,Percent,Proporția femeilor în funcții de conducere de nivel superior și mediu,,,Alte forme,36.5
2015,Percent,Proporția posturilor de conducere ocupate de femei,,,,48.5
2015,Percent,Proporția posturilor de conducere ocupate de femei,Urban,,,47.1
2015,Percent,Proporția posturilor de conducere ocupate de femei,Rural,,,52.4
2015,Percent,Proporția posturilor de conducere ocupate de femei,,Agricultură,,13.0
2015,Percent,Proporția posturilor de conducere ocupate de femei,,Industrie,,42.3
2015,Percent,Proporția posturilor de conducere ocupate de femei,,Construcții,,18.1
2015,Percent,Proporția posturilor de conducere ocupate de femei,,Comerț cu ridicata și amănuntul; activități de cazare și alimentație publică,,46.3
2015,Percent,Proporția posturilor de conducere ocupate de femei,,Transport și depozitare; informații și comunicații,,49.6
2015,Percent,Proporția posturilor de conducere ocupate de femei,,Administrație publică; învățământ; sănătate și asistență socială,,60.6
2015,Percent,Proporția posturilor de conducere ocupate de femei,,Alte activități,,54.8
2015,Percent,Proporția posturilor de conducere ocupate de femei,,,Publică,60.9
2015,Percent,Proporția posturilor de conducere ocupate de femei,,,Alte forme,42.5
2015,Percent,Proporția femeilor în funcții de conducere de nivel superior și mediu,,,,48.8
2015,Percent,Proporția femeilor în funcții de conducere de nivel superior și mediu,Urban,,,45.4
2015,Percent,Proporția femeilor în funcții de conducere de nivel superior și mediu,Rural,,,58.3
2015,Percent,Proporția femeilor în funcții de conducere de nivel superior și mediu,,Agricultură,,13.3
2015,Percent,Proporția femeilor în funcții de conducere de nivel superior și mediu,,Industrie,,42.9
2015,Percent,Proporția femeilor în funcții de conducere de nivel superior și mediu,,Construcții,,18.9
2015,Percent,Proporția femeilor în funcții de conducere de nivel superior și mediu,,Comerț cu ridicata și amănuntul; activități de cazare și alimentație publică,,58.8
2015,Percent,Proporția femeilor în funcții de conducere de nivel superior și mediu,,Transport și depozitare; informații și comunicații,,49.8
2015,Percent,Proporția femeilor în funcții de conducere de nivel superior și mediu,,Administrație publică; învățământ; sănătate și asistență socială,,63.0
2015,Percent,Proporția femeilor în funcții de conducere de nivel superior și mediu,,Alte activități,,52.0
2015,Percent,Proporția femeilor în funcții de conducere de nivel superior și mediu,,,Publică,64.4
2015,Percent,Proporția femeilor în funcții de conducere de nivel superior și mediu,,,Alte forme,38.7
2016,Percent,Proporția posturilor de conducere ocupate de femei,,,,46.6
2016,Percent,Proporția posturilor de conducere ocupate de femei,Urban,,,45.1
2016,Percent,Proporția posturilor de conducere ocupate de femei,Rural,,,51.0
2016,Percent,Proporția posturilor de conducere ocupate de femei,,Agricultură,,12.5
2016,Percent,Proporția posturilor de conducere ocupate de femei,,Industrie,,34.4
2016,Percent,Proporția posturilor de conducere ocupate de femei,,Construcții,,28.3
2016,Percent,Proporția posturilor de conducere ocupate de femei,,Comerț cu ridicata și amănuntul; activități de cazare și alimentație publică,,45.4
2016,Percent,Proporția posturilor de conducere ocupate de femei,,Transport și depozitare; informații și comunicații,,48.2
2016,Percent,Proporția posturilor de conducere ocupate de femei,,Administrație publică; învățământ; sănătate și asistență socială,,59.6
2016,Percent,Proporția posturilor de conducere ocupate de femei,,Alte activități,,55.6
2016,Percent,Proporția posturilor de conducere ocupate de femei,,,Publică,62.0
2016,Percent,Proporția posturilor de conducere ocupate de femei,,,Alte forme,40.5
2016,Percent,Proporția femeilor în funcții de conducere de nivel superior și mediu,,,,46.3
2016,Percent,Proporția femeilor în funcții de conducere de nivel superior și mediu,Urban,,,43.0
2016,Percent,Proporția femeilor în funcții de conducere de nivel superior și mediu,Rural,,,54.4
2016,Percent,Proporția femeilor în funcții de conducere de nivel superior și mediu,,Agricultură,,12.5
2016,Percent,Proporția femeilor în funcții de conducere de nivel superior și mediu,,Industrie,,33.4
2016,Percent,Proporția femeilor în funcții de conducere de nivel superior și mediu,,Construcții,,28.3
2016,Percent,Proporția femeilor în funcții de conducere de nivel superior și mediu,,Comerț cu ridicata și amănuntul; activități de cazare și alimentație publică,,53.5
2016,Percent,Proporția femeilor în funcții de conducere de nivel superior și mediu,,Transport și depozitare; informații și comunicații,,48.2
2016,Percent,Proporția femeilor în funcții de conducere de nivel superior și mediu,,Administrație publică; învățământ; sănătate și asistență socială,,61.2
2016,Percent,Proporția femeilor în funcții de conducere de nivel superior și mediu,,Alte activități,,55.3
2016,Percent,Proporția femeilor în funcții de conducere de nivel superior și mediu,,,Publică,65.8
2016,Percent,Proporția femeilor în funcții de conducere de nivel superior și mediu,,,Alte forme,35.6
2017,Percent,Proporția posturilor de conducere ocupate de femei,,,,41.5
2017,Percent,Proporția posturilor de conducere ocupate de femei,Urban,,,39.0
2017,Percent,Proporția posturilor de conducere ocupate de femei,Rural,,,48.2
2017,Percent,Proporția posturilor de conducere ocupate de femei,,Agricultură,,10.5
2017,Percent,Proporția posturilor de conducere ocupate de femei,,Industrie,,41.7
2017,Percent,Proporția posturilor de conducere ocupate de femei,,Construcții,,25.8
2017,Percent,Proporția posturilor de conducere ocupate de femei,,Comerț cu ridicata și amănuntul; activități de cazare și alimentație publică,,36.7
2017,Percent,Proporția posturilor de conducere ocupate de femei,,Transport și depozitare; informații și comunicații,,41.2
2017,Percent,Proporția posturilor de conducere ocupate de femei,,Administrație publică; învățământ; sănătate și asistență socială,,58.2
2017,Percent,Proporția posturilor de conducere ocupate de femei,,Alte activități,,37.9
2017,Percent,Proporția posturilor de conducere ocupate de femei,,,Publică,53.3
2017,Percent,Proporția posturilor de conducere ocupate de femei,,,Alte forme,36.3
2017,Percent,Proporția femeilor în funcții de conducere de nivel superior și mediu,,,,45.5
2017,Percent,Proporția femeilor în funcții de conducere de nivel superior și mediu,Urban,,,42.4
2017,Percent,Proporția femeilor în funcții de conducere de nivel superior și mediu,Rural,,,53.8
2017,Percent,Proporția femeilor în funcții de conducere de nivel superior și mediu,,Agricultură,,10.5
2017,Percent,Proporția femeilor în funcții de conducere de nivel superior și mediu,,Industrie,,42.0
2017,Percent,Proporția femeilor în funcții de conducere de nivel superior și mediu,,Construcții,,26.9
2017,Percent,Proporția femeilor în funcții de conducere de nivel superior și mediu,,Comerț cu ridicata și amănuntul; activități de cazare și alimentație publică,,58.5
2017,Percent,Proporția femeilor în funcții de conducere de nivel superior și mediu,,Transport și depozitare; informații și comunicații,,43.1
2017,Percent,Proporția femeilor în funcții de conducere de nivel superior și mediu,,Administrație publică; învățământ; sănătate și asistență socială,,63.0
2017,Percent,Proporția femeilor în funcții de conducere de nivel superior și mediu,,Alte activități,,36.6
2017,Percent,Proporția femeilor în funcții de conducere de nivel superior și mediu,,,Publică,59.0
2017,Percent,Proporția femeilor în funcții de conducere de nivel superior și mediu,,,Alte forme,38.4
2018,Percent,Proporția posturilor de conducere ocupate de femei,,,,40.3
2018,Percent,Proporția posturilor de conducere ocupate de femei,Urban,,,36.0
2018,Percent,Proporția posturilor de conducere ocupate de femei,Rural,,,51.9
2018,Percent,Proporția posturilor de conducere ocupate de femei,,Agricultură,,12.2
2018,Percent,Proporția posturilor de conducere ocupate de femei,,Industrie,,36.3
2018,Percent,Proporția posturilor de conducere ocupate de femei,,Construcții,,13.2
2018,Percent,Proporția posturilor de conducere ocupate de femei,,Comerț cu ridicata și amănuntul; activități de cazare și alimentație publică,,34.8
2018,Percent,Proporția posturilor de conducere ocupate de femei,,Transport și depozitare; informații și comunicații,,48.8
2018,Percent,Proporția posturilor de conducere ocupate de femei,,Administrație publică; învățământ; sănătate și asistență socială,,51.7
2018,Percent,Proporția posturilor de conducere ocupate de femei,,Alte activități,,50.8
2018,Percent,Proporția posturilor de conducere ocupate de femei,,,Publică,47.9
2018,Percent,Proporția posturilor de conducere ocupate de femei,,,Alte forme,36.5
2018,Percent,Proporția femeilor în funcții de conducere de nivel superior și mediu,,,,43.1
2018,Percent,Proporția femeilor în funcții de conducere de nivel superior și mediu,Urban,,,39.3
2018,Percent,Proporția femeilor în funcții de conducere de nivel superior și mediu,Rural,,,52.5
2018,Percent,Proporția femeilor în funcții de conducere de nivel superior și mediu,,Agricultură,,12.2
2018,Percent,Proporția femeilor în funcții de conducere de nivel superior și mediu,,Industrie,,36.5
2018,Percent,Proporția femeilor în funcții de conducere de nivel superior și mediu,,Construcții,,13.2
2018,Percent,Proporția femeilor în funcții de conducere de nivel superior și mediu,,Comerț cu ridicata și amănuntul; activități de cazare și alimentație publică,,68.2
2018,Percent,Proporția femeilor în funcții de conducere de nivel superior și mediu,,Transport și depozitare; informații și comunicații,,49.2
2018,Percent,Proporția femeilor în funcții de conducere de nivel superior și mediu,,Administrație publică; învățământ; sănătate și asistență socială,,51.4
2018,Percent,Proporția femeilor în funcții de conducere de nivel superior și mediu,,Alte activități,,53.0
2018,Percent,Proporția femeilor în funcții de conducere de nivel superior și mediu,,,Publică,46.5
2018,Percent,Proporția femeilor în funcții de conducere de nivel superior și mediu,,,Alte forme,41.0
2019,Percent,Proporția posturilor de conducere ocupate de femei,,,,45.7
2019,Percent,Proporția posturilor de conducere ocupate de femei,Urban,,,43.8
2019,Percent,Proporția posturilor de conducere ocupate de femei,Rural,,,49.8
2019,Percent,Proporția posturilor de conducere ocupate de femei,,Agricultură,,21.2
2019,Percent,Proporția posturilor de conducere ocupate de femei,,Industrie,,36.8
2019,Percent,Proporția posturilor de conducere ocupate de femei,,Construcții,,15.6
2019,Percent,Proporția posturilor de conducere ocupate de femei,,Comerț cu ridicata și amănuntul; activități de cazare și alimentație publică,,38.6
2019,Percent,Proporția posturilor de conducere ocupate de femei,,Transport și depozitare; informații și comunicații,,52.6
2019,Percent,Proporția posturilor de conducere ocupate de femei,,Administrație publică; învățământ; sănătate și asistență socială,,52.9
2019,Percent,Proporția posturilor de conducere ocupate de femei,,Alte activități,,64.1
2019,Percent,Proporția posturilor de conducere ocupate de femei,,,Publică,56.8
2019,Percent,Proporția posturilor de conducere ocupate de femei,,,Alte forme,40.3
2019,Percent,Proporția femeilor în funcții de conducere de nivel superior și mediu,,,,46.8
2019,Percent,Proporția femeilor în funcții de conducere de nivel superior și mediu,Urban,,,43.6
2019,Percent,Proporția femeilor în funcții de conducere de nivel superior și mediu,Rural,,,53.8
2019,Percent,Proporția femeilor în funcții de conducere de nivel superior și mediu,,Agricultură,,21.2
2019,Percent,Proporția femeilor în funcții de conducere de nivel superior și mediu,,Industrie,,34.4
2019,Percent,Proporția femeilor în funcții de conducere de nivel superior și mediu,,Construcții,,15.6
2019,Percent,Proporția femeilor în funcții de conducere de nivel superior și mediu,,Comerț cu ridicata și amănuntul; activități de cazare și alimentație publică,,62.5
2019,Percent,Proporția femeilor în funcții de conducere de nivel superior și mediu,,Transport și depozitare; informații și comunicații,,52.6
2019,Percent,Proporția femeilor în funcții de conducere de nivel superior și mediu,,Administrație publică; învățământ; sănătate și asistență socială,,49.8
2019,Percent,Proporția femeilor în funcții de conducere de nivel superior și mediu,,Alte activități,,63.4
2019,Percent,Proporția femeilor în funcții de conducere de nivel superior și mediu,,,Publică,54.1
2019,Percent,Proporția femeilor în funcții de conducere de nivel superior și mediu,,,Alte forme,41.2
2020,Percent,Proporția posturilor de conducere ocupate de femei,,,,42.3
2020,Percent,Proporția posturilor de conducere ocupate de femei,Urban,,,38.9
2020,Percent,Proporția posturilor de conducere ocupate de femei,Rural,,,49.7
2020,Percent,Proporția posturilor de conducere ocupate de femei,,Agricultură,,14.0
2020,Percent,Proporția posturilor de conducere ocupate de femei,,Industrie,,35.1
2020,Percent,Proporția posturilor de conducere ocupate de femei,,Construcții,,4.3
2020,Percent,Proporția posturilor de conducere ocupate de femei,,Comerț cu ridicata și amănuntul; activități de cazare și alimentație publică,,36.2
2020,Percent,Proporția posturilor de conducere ocupate de femei,,Transport și depozitare; informații și comunicații,,47.3
2020,Percent,Proporția posturilor de conducere ocupate de femei,,Administrație publică; învățământ; sănătate și asistență socială,,55.7
2020,Percent,Proporția posturilor de conducere ocupate de femei,,Alte activități,,52.7
2020,Percent,Proporția posturilor de conducere ocupate de femei,,,Publică,54.8
2020,Percent,Proporția posturilor de conducere ocupate de femei,,,Alte forme,36.7
2020,Percent,Proporția femeilor în funcții de conducere de nivel superior și mediu,,,,45.2
2020,Percent,Proporția femeilor în funcții de conducere de nivel superior și mediu,Urban,,,41.0
2020,Percent,Proporția femeilor în funcții de conducere de nivel superior și mediu,Rural,,,54.6
2020,Percent,Proporția femeilor în funcții de conducere de nivel superior și mediu,,Agricultură,,14.0
2020,Percent,Proporția femeilor în funcții de conducere de nivel superior și mediu,,Industrie,,35.2
2020,Percent,Proporția femeilor în funcții de conducere de nivel superior și mediu,,Construcții,,4.3
2020,Percent,Proporția femeilor în funcții de conducere de nivel superior și mediu,,Comerț cu ridicata și amănuntul; activități de cazare și alimentație publică,,59.6
2020,Percent,Proporția femeilor în funcții de conducere de nivel superior și mediu,,Transport și depozitare; informații și comunicații,,48.9
2020,Percent,Proporția femeilor în funcții de conducere de nivel superior și mediu,,Administrație publică; învățământ; sănătate și asistență socială,,53.5
2020,Percent,Proporția femeilor în funcții de conducere de nivel superior și mediu,,Alte activități,,59.5
2020,Percent,Proporția femeilor în funcții de conducere de nivel superior și mediu,,,Publică,53.5
2020,Percent,Proporția femeilor în funcții de conducere de nivel superior și mediu,,,Alte forme,39.7
2021,Percent,Proporția posturilor de conducere ocupate de femei,,,,44.6
2021,Percent,Proporția posturilor de conducere ocupate de femei,Urban,,,42.7
2021,Percent,Proporția posturilor de conducere ocupate de femei,Rural,,,49.3
2021,Percent,Proporția posturilor de conducere ocupate de femei,,Agricultură,,14.1
2021,Percent,Proporția posturilor de conducere ocupate de femei,,Industrie,,52.1
2021,Percent,Proporția posturilor de conducere ocupate de femei,,Construcții,,30.8
2021,Percent,Proporția posturilor de conducere ocupate de femei,,Comerț cu ridicata și amănuntul; activități de cazare și alimentație publică,,35.3
2021,Percent,Proporția posturilor de conducere ocupate de femei,,Transport și depozitare; informații și comunicații,,61.3
2021,Percent,Proporția posturilor de conducere ocupate de femei,,Administrație publică; învățământ; sănătate și asistență socială,,56.4
2021,Percent,Proporția posturilor de conducere ocupate de femei,,Alte activități,,50.2
2021,Percent,Proporția posturilor de conducere ocupate de femei,,,Publică,55.4
2021,Percent,Proporția posturilor de conducere ocupate de femei,,,Alte forme,40.4
2021,Percent,Proporția femeilor în funcții de conducere de nivel superior și mediu,,,,52.0
2021,Percent,Proporția femeilor în funcții de conducere de nivel superior și mediu,Urban,,,52.1
2021,Percent,Proporția femeilor în funcții de conducere de nivel superior și mediu,Rural,,,51.9
2021,Percent,Proporția femeilor în funcții de conducere de nivel superior și mediu,,Agricultură,,14.1
2021,Percent,Proporția femeilor în funcții de conducere de nivel superior și mediu,,Industrie,,53.2
2021,Percent,Proporția femeilor în funcții de conducere de nivel superior și mediu,,Construcții,,30.8
2021,Percent,Proporția femeilor în funcții de conducere de nivel superior și mediu,,Comerț cu ridicata și amănuntul; activități de cazare și alimentație publică,,55.9
2021,Percent,Proporția femeilor în funcții de conducere de nivel superior și mediu,,Transport și depozitare; informații și comunicații,,61.0
2021,Percent,Proporția femeilor în funcții de conducere de nivel superior și mediu,,Administrație publică; învățământ; sănătate și asistență socială,,59.7
2021,Percent,Proporția femeilor în funcții de conducere de nivel superior și mediu,,Alte activități,,53.6
2021,Percent,Proporția femeilor în funcții de conducere de nivel superior și mediu,,,Publică,58.7
2021,Percent,Proporția femeilor în funcții de conducere de nivel superior și mediu,,,Alte forme,47.8
2022,Percent,Proporția posturilor de conducere ocupate de femei,,,,44.6
2022,Percent,Proporția posturilor de conducere ocupate de femei,Urban,,,42.4
2022,Percent,Proporția posturilor de conducere ocupate de femei,Rural,,,50.2
2022,Percent,Proporția posturilor de conducere ocupate de femei,,Agricultură,,4.1
2022,Percent,Proporția posturilor de conducere ocupate de femei,,Industrie,,38.2
2022,Percent,Proporția posturilor de conducere ocupate de femei,,Construcții,,28.5
2022,Percent,Proporția posturilor de conducere ocupate de femei,,Comerț cu ridicata și amănuntul; activități de cazare și alimentație publică,,38.1
2022,Percent,Proporția posturilor de conducere ocupate de femei,,Transport și depozitare; informații și comunicații,,63.2
2022,Percent,Proporția posturilor de conducere ocupate de femei,,Administrație publică; învățământ; sănătate și asistență socială,,54.3
2022,Percent,Proporția posturilor de conducere ocupate de femei,,Alte activități,,54.8
2022,Percent,Proporția posturilor de conducere ocupate de femei,,,Publică,58.2
2022,Percent,Proporția posturilor de conducere ocupate de femei,,,Alte forme,38.6
2022,Percent,Proporția femeilor în funcții de conducere de nivel superior și mediu,,,,47.3
2022,Percent,Proporția femeilor în funcții de conducere de nivel superior și mediu,Urban,,,46.0
2022,Percent,Proporția femeilor în funcții de conducere de nivel superior și mediu,Rural,,,50.5
2022,Percent,Proporția femeilor în funcții de conducere de nivel superior și mediu,,Agricultură,,4.1
2022,Percent,Proporția femeilor în funcții de conducere de nivel superior și mediu,,Industrie,,37.6
2022,Percent,Proporția femeilor în funcții de conducere de nivel superior și mediu,,Construcții,,28.5
2022,Percent,Proporția femeilor în funcții de conducere de nivel superior și mediu,,Comerț cu ridicata și amănuntul; activități de cazare și alimentație publică,,54.9
2022,Percent,Proporția femeilor în funcții de conducere de nivel superior și mediu,,Transport și depozitare; informații și comunicații,,64.2
2022,Percent,Proporția femeilor în funcții de conducere de nivel superior și mediu,,Administrație publică; învățământ; sănătate și asistență socială,,50.7
2022,Percent,Proporția femeilor în funcții de conducere de nivel superior și mediu,,Alte activități,,56.3
2022,Percent,Proporția femeilor în funcții de conducere de nivel superior și mediu,,,Publică,56.5
2022,Percent,Proporția femeilor în funcții de conducere de nivel superior și mediu,,,Alte forme,40.9
