Year,Activități economice,Raioanele/Municipiile care dețin stații de epurare,Value
2010,,,17.3
2010,"Agricultura, silvicultura și pescuit",,0.0
2010,Industria prelucrătoare,,43.9
2010,"Electricity, gas and water",,17.6
2010,Alte activități,,59.2
2010,,Mun. Chișinău,99.3
2010,,Mun. Bălți,99.0
2010,,Cahul,67.3
2010,,Călărași,0.0
2010,,Drochia,41.5
2010,,Edineț,42.9
2010,,Florești,53.5
2010,,Glodeni,85.1
2010,,Hâncești,23.5
2010,,Ialoveni,12.0
2010,,Nisporeni,60.0
2010,,Orhei,1.9
2010,,Rezina,18.8
2010,,Sângerei,6.9
2010,,Telenești,0.0
2010,,UTA Găgăguzia,6.3
2011,,,16.8
2011,"Agricultura, silvicultura și pescuit",,2.4
2011,Industria prelucrătoare,,45.2
2011,"Electricity, gas and water",,17.2
2011,Alte activități,,50.9
2011,,Mun. Chișinău,99.3
2011,,Mun. Bălți,99.0
2011,,Cahul,80.4
2011,,Călărași,0.0
2011,,Drochia,43.2
2011,,Edineț,64.3
2011,,Florești,55.6
2011,,Glodeni,85.1
2011,,Hâncești,9.0
2011,,Ialoveni,12.5
2011,,Nisporeni,62.5
2011,,Orhei,1.8
2011,,Rezina,0.0
2011,,Sângerei,6.7
2011,,Telenești,0.0
2011,,UTA Găgăguzia,7.4
2012,,,16.6
2012,"Agricultura, silvicultura și pescuit",,2.4
2012,Industria prelucrătoare,,40.4
2012,"Electricity, gas and water",,16.9
2012,Alte activități,,50.9
2012,,Mun. Chișinău,99.3
2012,,Mun. Bălți,97.8
2012,,Cahul,84.1
2012,,Călărași,0.0
2012,,Drochia,39.6
2012,,Edineț,41.7
2012,,Florești,52.4
2012,,Glodeni,55.6
2012,,Hâncești,0.0
2012,,Ialoveni,19.2
2012,,Nisporeni,61.1
2012,,Orhei,1.9
2012,,Rezina,3.8
2012,,Sângerei,6.9
2012,,Telenești,0.0
2012,,UTA Găgăguzia,6.0
2013,,,16.6
2013,"Agricultura, silvicultura și pescuit",,2.6
2013,Industria prelucrătoare,,35.4
2013,"Electricity, gas and water",,16.9
2013,Alte activități,,52.4
2013,,Mun. Chișinău,99.3
2013,,Mun. Bălți,99.4
2013,,Cahul,83.3
2013,,Călărași,0.0
2013,,Drochia,25.6
2013,,Edineț,44.9
2013,,Florești,46.7
2013,,Glodeni,55.6
2013,,Hâncești,0.0
2013,,Ialoveni,21.7
2013,,Nisporeni,65.0
2013,,Orhei,0.0
2013,,Rezina,3.7
2013,,Sângerei,6.7
2013,,Telenești,0.0
2013,,UTA Găgăguzia,6.3
2014,,,16.3
2014,"Agricultura, silvicultura și pescuit",,3.8
2014,Industria prelucrătoare,,37.5
2014,"Electricity, gas and water",,16.4
2014,Alte activități,,52.4
2014,,Mun. Chișinău,96.1
2014,,Mun. Bălți,0.0
2014,,Cahul,84.9
2014,,Călărași,0.0
2014,,Drochia,37.1
2014,,Edineț,70.2
2014,,Florești,45.7
2014,,Glodeni,55.6
2014,,Hâncești,0.0
2014,,Ialoveni,20.0
2014,,Nisporeni,68.2
2014,,Orhei,0.0
2014,,Rezina,3.7
2014,,Sângerei,7.4
2014,,Telenești,0.0
2014,,UTA Găgăguzia,14.3
2015,,,16.7
2015,"Agricultura, silvicultura și pescuit",,3.4
2015,Industria prelucrătoare,,40.3
2015,"Electricity, gas and water",,16.8
2015,Alte activități,,53.9
2015,,Mun. Chișinău,99.4
2015,,Mun. Bălți,0.0
2015,,Cahul,86.4
2015,,Călărași,0.0
2015,,Drochia,40.7
2015,,Edineț,63.2
2015,,Florești,0.0
2015,,Glodeni,61.9
2015,,Hâncești,0.0
2015,,Ialoveni,20.0
2015,,Nisporeni,57.9
2015,,Orhei,33.0
2015,,Rezina,3.7
2015,,Sângerei,7.7
2015,,Telenești,0.0
2015,,UTA Găgăguzia,13.2
2016,,,14.0
2016,"Agricultura, silvicultura și pescuit",,3.7
2016,Industria prelucrătoare,,35.6
2016,"Electricity, gas and water",,14.0
2016,Alte activități,,53.9
2016,,Mun. Chișinău,66.8
2016,,Mun. Bălți,0.0
2016,,Cahul,86.0
2016,,Călărași,0.0
2016,,Drochia,38.1
2016,,Edineț,59.5
2016,,Florești,22.4
2016,,Glodeni,0.0
2016,,Hâncești,0.0
2016,,Ialoveni,20.0
2016,,Nisporeni,60.0
2016,,Orhei,19.4
2016,,Rezina,3.4
2016,,Sângerei,8.0
2016,,Telenești,0.0
2016,,UTA Găgăguzia,15.0
2017,,,17.1
2017,"Agricultura, silvicultura și pescuit",,3.8
2017,Industria prelucrătoare,,35.4
2017,"Electricity, gas and water",,17.2
2017,Alte activități,,53.9
2017,,Mun. Chișinău,99.4
2017,,Mun. Bălți,0.0
2017,,Cahul,87.4
2017,,Călărași,68.8
2017,,Drochia,41.7
2017,,Edineț,68.2
2017,,Florești,34.0
2017,,Glodeni,0.0
2017,,Hâncești,0.0
2017,,Ialoveni,20.0
2017,,Nisporeni,57.9
2017,,Orhei,19.6
2017,,Rezina,3.2
2017,,Sângerei,7.7
2017,,Telenești,0.0
2017,,UTA Găgăguzia,14.0
2018,,,18.0
2018,"Agricultura, silvicultura și pescuit",,3.7
2018,Industria prelucrătoare,,77.8
2018,"Electricity, gas and water",,17.2
2018,Alte activități,,51.9
2018,,Mun. Chișinău,99.3
2018,,Mun. Bălți,99.3
2018,,Cahul,86.7
2018,,Călărași,84.9
2018,,Drochia,42.2
2018,,Edineț,69.2
2018,,Florești,0.0
2018,,Glodeni,0.0
2018,,Hâncești,0.0
2018,,Ialoveni,26.7
2018,,Nisporeni,61.1
2018,,Orhei,16.1
2018,,Rezina,6.5
2018,,Sângerei,8.3
2018,,Telenești,60.0
2018,,UTA Găgăguzia,7.8
2019,,,18.1
2019,"Agricultura, silvicultura și pescuit",,3.7
2019,Industria prelucrătoare,,79.5
2019,"Electricity, gas and water",,17.2
2019,Alte activități,,45.5
2019,,Mun. Chișinău,99.2
2019,,Mun. Bălți,99.3
2019,,Cahul,91.3
2019,,Călărași,50.0
2019,,Drochia,40.6
2019,,Edineț,68.0
2019,,Florești,0.0
2019,,Glodeni,0.0
2019,,Hâncești,0.0
2019,,Ialoveni,29.4
2019,,Nisporeni,60.0
2019,,Orhei,52.8
2019,,Rezina,6.3
2019,,Sângerei,8.3
2019,,Telenești,60.0
2019,,UTA Găgăguzia,8.5
2020,,,17.7
2020,"Agricultura, silvicultura și pescuit",,3.7
2020,Industria prelucrătoare,,79.0
2020,"Electricity, gas and water",,16.8
2020,Alte activități,,48.7
2020,,Mun. Chișinău,99.0
2020,,Mun. Bălți,99.2
2020,,Cahul,89.8
2020,,Călărași,68.6
2020,,Drochia,35.9
2020,,Edineț,69.2
2020,,Florești,0.0
2020,,Glodeni,0.0
2020,,Hâncești,0.0
2020,,Ialoveni,23.5
2020,,Nisporeni,69.6
2020,,Orhei,83.2
2020,,Rezina,6.3
2020,,Sângerei,8.3
2020,,Telenești,60.0
2020,,UTA Găgăguzia,10.1
2021,,,18.1
2021,"Agricultura, silvicultura și pescuit",,3.7
2021,Industria prelucrătoare,,81.3
2021,"Electricity, gas and water",,17.0
2021,Alte activități,,47.1
2021,,Mun. Chișinău,99.0
2021,,Mun. Bălți,99.4
2021,,Cahul,99.1
2021,,Călărași,58.0
2021,,Drochia,32.5
2021,,Edineț,78.1
2021,,Florești,0.0
2021,,Glodeni,0.0
2021,,Hâncești,0.0
2021,,Ialoveni,22.2
2021,,Nisporeni,69.6
2021,,Orhei,83.9
2021,,Rezina,6.1
2021,,Sângerei,8.0
2021,,Telenești,60.0
2021,,UTA Găgăguzia,9.4
2022,,,
2022,"Agricultura, silvicultura și pescuit",,
2022,Industria prelucrătoare,,
2022,"Electricity, gas and water",,
2022,Alte activități,,
2022,,Mun. Chișinău,
2022,,Mun. Bălți,
2022,,Cahul,
2022,,Călărași,
2022,,Drochia,
2022,,Edineț,
2022,,Florești,
2022,,Glodeni,
2022,,Hâncești,
2022,,Ialoveni,
2022,,Nisporeni,
2022,,Orhei,
2022,,Rezina,
2022,,Sângerei,
2022,,Telenești,
2022,,UTA Găgăguzia,
