Year,Mediul de reședință,Sisteme de încălzire a locuințelor - total,Sisteme de încălzire a locuințelor - urban,Sisteme de încălzire a locuințelor - rural,Pregătirea alimentelor - total,Pregătirea alimentelor - urban,Pregătirea alimentelor - rural,Value
2010,,,,,,,,
2010,Urban,,,,,,,
2010,Rural,,,,,,,
2010,,Centralizat,,,,,,
2010,,"Gaz natural, electricitate",,,,,,
2010,,"Lemne, deșeuri și cărbune",,,,,,
2010,,,Centralizat,,,,,
2010,,,"Gaz natural, electricitate",,,,,
2010,,,"Lemne, deșeuri și cărbune",,,,,
2010,,,,Centralizat,,,,
2010,,,,"Gaz natural, electricitate",,,,
2010,,,,"Lemne, deșeuri și cărbune",,,,
2010,,,,,Gaz natural/gaz lichefiat,,,
2010,,,,,"Lemne, deșeuri și cărbune",,,
2010,,,,,Energie electrică,,,
2010,,,,,,Gaz natural/gaz lichefiat,,
2010,,,,,,"Lemne, deșeuri și cărbune",,
2010,,,,,,Energie electrică,,
2010,,,,,,,Gaz natural/gaz lichefiat,
2010,,,,,,,"Lemne, deșeuri și cărbune",
2010,,,,,,,Energie electrică,
2011,,,,,,,,
2011,Urban,,,,,,,
2011,Rural,,,,,,,
2011,,Centralizat,,,,,,
2011,,"Gaz natural, electricitate",,,,,,
2011,,"Lemne, deșeuri și cărbune",,,,,,
2011,,,Centralizat,,,,,
2011,,,"Gaz natural, electricitate",,,,,
2011,,,"Lemne, deșeuri și cărbune",,,,,
2011,,,,Centralizat,,,,
2011,,,,"Gaz natural, electricitate",,,,
2011,,,,"Lemne, deșeuri și cărbune",,,,
2011,,,,,Gaz natural/gaz lichefiat,,,
2011,,,,,"Lemne, deșeuri și cărbune",,,
2011,,,,,Energie electrică,,,
2011,,,,,,Gaz natural/gaz lichefiat,,
2011,,,,,,"Lemne, deșeuri și cărbune",,
2011,,,,,,Energie electrică,,
2011,,,,,,,Gaz natural/gaz lichefiat,
2011,,,,,,,"Lemne, deșeuri și cărbune",
2011,,,,,,,Energie electrică,
2012,,,,,,,,
2012,Urban,,,,,,,
2012,Rural,,,,,,,
2012,,Centralizat,,,,,,
2012,,"Gaz natural, electricitate",,,,,,
2012,,"Lemne, deșeuri și cărbune",,,,,,
2012,,,Centralizat,,,,,
2012,,,"Gaz natural, electricitate",,,,,
2012,,,"Lemne, deșeuri și cărbune",,,,,
2012,,,,Centralizat,,,,
2012,,,,"Gaz natural, electricitate",,,,
2012,,,,"Lemne, deșeuri și cărbune",,,,
2012,,,,,Gaz natural/gaz lichefiat,,,
2012,,,,,"Lemne, deșeuri și cărbune",,,
2012,,,,,Energie electrică,,,
2012,,,,,,Gaz natural/gaz lichefiat,,
2012,,,,,,"Lemne, deșeuri și cărbune",,
2012,,,,,,Energie electrică,,
2012,,,,,,,Gaz natural/gaz lichefiat,
2012,,,,,,,"Lemne, deșeuri și cărbune",
2012,,,,,,,Energie electrică,
2013,,,,,,,,
2013,Urban,,,,,,,
2013,Rural,,,,,,,
2013,,Centralizat,,,,,,
2013,,"Gaz natural, electricitate",,,,,,
2013,,"Lemne, deșeuri și cărbune",,,,,,
2013,,,Centralizat,,,,,
2013,,,"Gaz natural, electricitate",,,,,
2013,,,"Lemne, deșeuri și cărbune",,,,,
2013,,,,Centralizat,,,,
2013,,,,"Gaz natural, electricitate",,,,
2013,,,,"Lemne, deșeuri și cărbune",,,,
2013,,,,,Gaz natural/gaz lichefiat,,,
2013,,,,,"Lemne, deșeuri și cărbune",,,
2013,,,,,Energie electrică,,,
2013,,,,,,Gaz natural/gaz lichefiat,,
2013,,,,,,"Lemne, deșeuri și cărbune",,
2013,,,,,,Energie electrică,,
2013,,,,,,,Gaz natural/gaz lichefiat,
2013,,,,,,,"Lemne, deșeuri și cărbune",
2013,,,,,,,Energie electrică,
2014,,,,,,,,
2014,Urban,,,,,,,
2014,Rural,,,,,,,
2014,,Centralizat,,,,,,
2014,,"Gaz natural, electricitate",,,,,,
2014,,"Lemne, deșeuri și cărbune",,,,,,
2014,,,Centralizat,,,,,
2014,,,"Gaz natural, electricitate",,,,,
2014,,,"Lemne, deșeuri și cărbune",,,,,
2014,,,,Centralizat,,,,
2014,,,,"Gaz natural, electricitate",,,,
2014,,,,"Lemne, deșeuri și cărbune",,,,
2014,,,,,Gaz natural/gaz lichefiat,,,
2014,,,,,"Lemne, deșeuri și cărbune",,,
2014,,,,,Energie electrică,,,
2014,,,,,,Gaz natural/gaz lichefiat,,
2014,,,,,,"Lemne, deșeuri și cărbune",,
2014,,,,,,Energie electrică,,
2014,,,,,,,Gaz natural/gaz lichefiat,
2014,,,,,,,"Lemne, deșeuri și cărbune",
2014,,,,,,,Energie electrică,
2015,,,,,,,,
2015,Urban,,,,,,,
2015,Rural,,,,,,,
2015,,Centralizat,,,,,,22.4
2015,,"Gaz natural, electricitate",,,,,,10.7
2015,,"Lemne, deșeuri și cărbune",,,,,,65.8
2015,,,Centralizat,,,,,53.7
2015,,,"Gaz natural, electricitate",,,,,21.0
2015,,,"Lemne, deșeuri și cărbune",,,,,23.2
2015,,,,Centralizat,,,,0.7
2015,,,,"Gaz natural, electricitate",,,,3.5
2015,,,,"Lemne, deșeuri și cărbune",,,,95.5
2015,,,,,Gaz natural/gaz lichefiat,,,88.8
2015,,,,,"Lemne, deșeuri și cărbune",,,7.6
2015,,,,,Energie electrică,,,3.6
2015,,,,,,Gaz natural/gaz lichefiat,,92.1
2015,,,,,,"Lemne, deșeuri și cărbune",,0.8
2015,,,,,,Energie electrică,,7.1
2015,,,,,,,Gaz natural/gaz lichefiat,86.5
2015,,,,,,,"Lemne, deșeuri și cărbune",12.4
2015,,,,,,,Energie electrică,1.1
2016,,,,,,,,
2016,Urban,,,,,,,
2016,Rural,,,,,,,
2016,,Centralizat,,,,,,
2016,,"Gaz natural, electricitate",,,,,,
2016,,"Lemne, deșeuri și cărbune",,,,,,
2016,,,Centralizat,,,,,
2016,,,"Gaz natural, electricitate",,,,,
2016,,,"Lemne, deșeuri și cărbune",,,,,
2016,,,,Centralizat,,,,
2016,,,,"Gaz natural, electricitate",,,,
2016,,,,"Lemne, deșeuri și cărbune",,,,
2016,,,,,Gaz natural/gaz lichefiat,,,
2016,,,,,"Lemne, deșeuri și cărbune",,,
2016,,,,,Energie electrică,,,
2016,,,,,,Gaz natural/gaz lichefiat,,
2016,,,,,,"Lemne, deșeuri și cărbune",,
2016,,,,,,Energie electrică,,
2016,,,,,,,Gaz natural/gaz lichefiat,
2016,,,,,,,"Lemne, deșeuri și cărbune",
2016,,,,,,,Energie electrică,
2017,,,,,,,,
2017,Urban,,,,,,,
2017,Rural,,,,,,,
2017,,Centralizat,,,,,,
2017,,"Gaz natural, electricitate",,,,,,
2017,,"Lemne, deșeuri și cărbune",,,,,,
2017,,,Centralizat,,,,,
2017,,,"Gaz natural, electricitate",,,,,
2017,,,"Lemne, deșeuri și cărbune",,,,,
2017,,,,Centralizat,,,,
2017,,,,"Gaz natural, electricitate",,,,
2017,,,,"Lemne, deșeuri și cărbune",,,,
2017,,,,,Gaz natural/gaz lichefiat,,,
2017,,,,,"Lemne, deșeuri și cărbune",,,
2017,,,,,Energie electrică,,,
2017,,,,,,Gaz natural/gaz lichefiat,,
2017,,,,,,"Lemne, deșeuri și cărbune",,
2017,,,,,,Energie electrică,,
2017,,,,,,,Gaz natural/gaz lichefiat,
2017,,,,,,,"Lemne, deșeuri și cărbune",
2017,,,,,,,Energie electrică,
2018,,,,,,,,
2018,Urban,,,,,,,
2018,Rural,,,,,,,
2018,,Centralizat,,,,,,
2018,,"Gaz natural, electricitate",,,,,,
2018,,"Lemne, deșeuri și cărbune",,,,,,
2018,,,Centralizat,,,,,
2018,,,"Gaz natural, electricitate",,,,,
2018,,,"Lemne, deșeuri și cărbune",,,,,
2018,,,,Centralizat,,,,
2018,,,,"Gaz natural, electricitate",,,,
2018,,,,"Lemne, deșeuri și cărbune",,,,
2018,,,,,Gaz natural/gaz lichefiat,,,
2018,,,,,"Lemne, deșeuri și cărbune",,,
2018,,,,,Energie electrică,,,
2018,,,,,,Gaz natural/gaz lichefiat,,
2018,,,,,,"Lemne, deșeuri și cărbune",,
2018,,,,,,Energie electrică,,
2018,,,,,,,Gaz natural/gaz lichefiat,
2018,,,,,,,"Lemne, deșeuri și cărbune",
2018,,,,,,,Energie electrică,
2019,,,,,,,,
2019,Urban,,,,,,,
2019,Rural,,,,,,,
2019,,Centralizat,,,,,,
2019,,"Gaz natural, electricitate",,,,,,
2019,,"Lemne, deșeuri și cărbune",,,,,,
2019,,,Centralizat,,,,,
2019,,,"Gaz natural, electricitate",,,,,
2019,,,"Lemne, deșeuri și cărbune",,,,,
2019,,,,Centralizat,,,,
2019,,,,"Gaz natural, electricitate",,,,
2019,,,,"Lemne, deșeuri și cărbune",,,,
2019,,,,,Gaz natural/gaz lichefiat,,,
2019,,,,,"Lemne, deșeuri și cărbune",,,
2019,,,,,Energie electrică,,,
2019,,,,,,Gaz natural/gaz lichefiat,,
2019,,,,,,"Lemne, deșeuri și cărbune",,
2019,,,,,,Energie electrică,,
2019,,,,,,,Gaz natural/gaz lichefiat,
2019,,,,,,,"Lemne, deșeuri și cărbune",
2019,,,,,,,Energie electrică,
2020,,,,,,,,
2020,Urban,,,,,,,
2020,Rural,,,,,,,
2020,,Centralizat,,,,,,
2020,,"Gaz natural, electricitate",,,,,,
2020,,"Lemne, deșeuri și cărbune",,,,,,
2020,,,Centralizat,,,,,
2020,,,"Gaz natural, electricitate",,,,,
2020,,,"Lemne, deșeuri și cărbune",,,,,
2020,,,,Centralizat,,,,
2020,,,,"Gaz natural, electricitate",,,,
2020,,,,"Lemne, deșeuri și cărbune",,,,
2020,,,,,Gaz natural/gaz lichefiat,,,
2020,,,,,"Lemne, deșeuri și cărbune",,,
2020,,,,,Energie electrică,,,
2020,,,,,,Gaz natural/gaz lichefiat,,
2020,,,,,,"Lemne, deșeuri și cărbune",,
2020,,,,,,Energie electrică,,
2020,,,,,,,Gaz natural/gaz lichefiat,
2020,,,,,,,"Lemne, deșeuri și cărbune",
2020,,,,,,,Energie electrică,
2021,,,,,,,,
2021,Urban,,,,,,,
2021,Rural,,,,,,,
2021,,Centralizat,,,,,,18.3
2021,,"Gaz natural, electricitate",,,,,,16.5
2021,,"Lemne, deșeuri și cărbune",,,,,,64.4
2021,,,Centralizat,,,,,46.0
2021,,,"Gaz natural, electricitate",,,,,33.2
2021,,,"Lemne, deșeuri și cărbune",,,,,18.8
2021,,,,Centralizat,,,,0.3
2021,,,,"Gaz natural, electricitate",,,,5.8
2021,,,,"Lemne, deșeuri și cărbune",,,,93.9
2021,,,,,Gaz natural/gaz lichefiat,,,95.8
2021,,,,,"Lemne, deșeuri și cărbune",,,2.8
2021,,,,,Energie electrică,,,1.4
2021,,,,,,Gaz natural/gaz lichefiat,,97.9
2021,,,,,,"Lemne, deșeuri și cărbune",,0.1
2021,,,,,,Energie electrică,,2.0
2021,,,,,,,Gaz natural/gaz lichefiat,94.4
2021,,,,,,,"Lemne, deșeuri și cărbune",4.5
2021,,,,,,,Energie electrică,1.1
