Year,Sex,Agricultural sector,Non-agricultural sector,Value
2010,,,,
2010,Bărbați,,,
2010,Femei,,,
2010,,Total,,
2010,,Bărbați,,
2010,,Femei,,
2010,,,Total,
2010,,,Bărbați,
2010,,,Femei,
2011,,,,
2011,Bărbați,,,
2011,Femei,,,
2011,,Total,,
2011,,Bărbați,,
2011,,Femei,,
2011,,,Total,
2011,,,Bărbați,
2011,,,Femei,
2012,,,,
2012,Bărbați,,,
2012,Femei,,,
2012,,Total,,
2012,,Bărbați,,
2012,,Femei,,
2012,,,Total,
2012,,,Bărbați,
2012,,,Femei,
2013,,,,
2013,Bărbați,,,
2013,Femei,,,
2013,,Total,,
2013,,Bărbați,,
2013,,Femei,,
2013,,,Total,
2013,,,Bărbați,
2013,,,Femei,
2014,,,,33.5
2014,Bărbați,,,37.8
2014,Femei,,,29.2
2014,,Total,,77.4
2014,,Bărbați,,72.5
2014,,Femei,,83.9
2014,,,Total,12.5
2014,,,Bărbați,18.0
2014,,,Femei,7.6
2015,,,,36.6
2015,Bărbați,,,41.2
2015,Femei,,,31.9
2015,,Total,,82.5
2015,,Bărbați,,76.7
2015,,Femei,,90.3
2015,,,Total,12.7
2015,,,Bărbați,18.7
2015,,,Femei,7.4
2016,,,,38.3
2016,Bărbați,,,41.7
2016,Femei,,,34.8
2016,,Total,,82.3
2016,,Bărbați,,75.9
2016,,Femei,,90.2
2016,,,Total,12.9
2016,,,Bărbați,18.9
2016,,,Femei,7.6
2017,,,,37.0
2017,Bărbați,,,41.0
2017,Femei,,,32.8
2017,,Total,,82.5
2017,,Bărbați,,76.7
2017,,Femei,,90.4
2017,,,Total,11.9
2017,,,Bărbați,17.2
2017,,,Femei,7.1
2018,,,,39.7
2018,Bărbați,,,42.7
2018,Femei,,,36.7
2018,,Total,,82.9
2018,,Bărbați,,76.7
2018,,Femei,,90.3
2018,,,Total,11.8
2018,,,Bărbați,17.4
2018,,,Femei,6.6
2019,,,,23.1
2019,Bărbați,,,27.9
2019,Femei,,,18.1
2019,,Total,,64.3
2019,,Bărbați,,55.3
2019,,Femei,,78.3
2019,,,Total,12.2
2019,,,Bărbați,18.8
2019,,,Femei,5.9
2020,,,,22.4
2020,Bărbați,,,28.1
2020,Femei,,,16.1
2020,,Total,,65.7
2020,,Bărbați,,57.4
2020,,Femei,,79.7
2020,,,Total,10.8
2020,,,Bărbați,18.2
2020,,,Femei,3.7
2021,,,,22.8
2021,Bărbați,,,27.9
2021,Femei,,,17.1
2021,,Total,,65.0
2021,,Bărbați,,56.7
2021,,Femei,,78.4
2021,,,Total,11.3
2021,,,Bărbați,18.1
2021,,,Femei,4.4
2022,,,,22.0
2022,Bărbați,,,27.1
2022,Femei,,,16.5
2022,,Total,,63.4
2022,,Bărbați,,53.6
2022,,Femei,,80.0
2022,,,Total,11.1
2022,,,Bărbați,18.1
2022,,,Femei,4.4
