Year,Sex,Grupa de vârstă,Persoane cu dizabilități,Nivele de educație,Value
2010,,,,,
2010,Bărbați,,,,
2010,Femei,,,,
2010,,15-24,,,
2010,,25-34,,,
2010,,35-44,,,
2010,,45-54,,,
2010,,55-64,,,
2010,,,Total,,
2010,,,,Superior,
2010,,,,Profesional tehnic postsecundar nonterțiar (mediu de specialitate),
2010,,,,Upper secondary vocational ,
2010,,,,"Liceal, mediu general",
2010,,,,Gimnazial,
2010,,,,Primar sau fără şcoală primară,
2011,,,,,
2011,Bărbați,,,,
2011,Femei,,,,
2011,,15-24,,,
2011,,25-34,,,
2011,,35-44,,,
2011,,45-54,,,
2011,,55-64,,,
2011,,,Total,,
2011,,,,Superior,
2011,,,,Profesional tehnic postsecundar nonterțiar (mediu de specialitate),
2011,,,,Upper secondary vocational ,
2011,,,,"Liceal, mediu general",
2011,,,,Gimnazial,
2011,,,,Primar sau fără şcoală primară,
2012,,,,,
2012,Bărbați,,,,
2012,Femei,,,,
2012,,15-24,,,
2012,,25-34,,,
2012,,35-44,,,
2012,,45-54,,,
2012,,55-64,,,
2012,,,Total,,
2012,,,,Superior,
2012,,,,Profesional tehnic postsecundar nonterțiar (mediu de specialitate),
2012,,,,Upper secondary vocational ,
2012,,,,"Liceal, mediu general",
2012,,,,Gimnazial,
2012,,,,Primar sau fără şcoală primară,
2013,,,,,
2013,Bărbați,,,,
2013,Femei,,,,
2013,,15-24,,,
2013,,25-34,,,
2013,,35-44,,,
2013,,45-54,,,
2013,,55-64,,,
2013,,,Total,,
2013,,,,Superior,
2013,,,,Profesional tehnic postsecundar nonterțiar (mediu de specialitate),
2013,,,,Upper secondary vocational ,
2013,,,,"Liceal, mediu general",
2013,,,,Gimnazial,
2013,,,,Primar sau fără şcoală primară,
2014,,,,,3.7
2014,Bărbați,,,,4.5
2014,Femei,,,,2.9
2014,,15-24,,,9.3
2014,,25-34,,,4.6
2014,,35-44,,,4.0
2014,,45-54,,,2.5
2014,,55-64,,,1.6
2014,,,Total,,
2014,,,,Superior,3.9
2014,,,,Profesional tehnic postsecundar nonterțiar (mediu de specialitate),3.7
2014,,,,Upper secondary vocational ,3.4
2014,,,,"Liceal, mediu general",4.3
2014,,,,Gimnazial,3.6
2014,,,,Primar sau fără şcoală primară,1.5
2015,,,,,4.7
2015,Bărbați,,,,5.9
2015,Femei,,,,3.4
2015,,15-24,,,12.3
2015,,25-34,,,6.4
2015,,35-44,,,4.5
2015,,45-54,,,2.7
2015,,55-64,,,2.3
2015,,,Total,,
2015,,,,Superior,4.7
2015,,,,Profesional tehnic postsecundar nonterțiar (mediu de specialitate),3.9
2015,,,,Upper secondary vocational ,4.7
2015,,,,"Liceal, mediu general",3.9
2015,,,,Gimnazial,6.2
2015,,,,Primar sau fără şcoală primară,3.9
2016,,,,,4.0
2016,Bărbați,,,,5.2
2016,Femei,,,,2.7
2016,,15-24,,,11.0
2016,,25-34,,,5.2
2016,,35-44,,,3.7
2016,,45-54,,,3.2
2016,,55-64,,,1.9
2016,,,Total,,
2016,,,,Superior,4.4
2016,,,,Profesional tehnic postsecundar nonterțiar (mediu de specialitate),3.6
2016,,,,Upper secondary vocational ,3.9
2016,,,,"Liceal, mediu general",3.9
2016,,,,Gimnazial,4.1
2016,,,,Primar sau fără şcoală primară,4.9
2017,,,,,3.9
2017,Bărbați,,,,4.5
2017,Femei,,,,3.2
2017,,15-24,,,11.9
2017,,25-34,,,5.0
2017,,35-44,,,3.8
2017,,45-54,,,2.6
2017,,55-64,,,2.0
2017,,,Total,,2.7
2017,,,,Superior,3.6
2017,,,,Profesional tehnic postsecundar nonterțiar (mediu de specialitate),3.5
2017,,,,Upper secondary vocational ,4.5
2017,,,,"Liceal, mediu general",3.6
2017,,,,Gimnazial,4.0
2017,,,,Primar sau fără şcoală primară,4.0
2018,,,,,2.9
2018,Bărbați,,,,3.4
2018,Femei,,,,2.4
2018,,15-24,,,7.1
2018,,25-34,,,4.3
2018,,35-44,,,2.3
2018,,45-54,,,2.5
2018,,55-64,,,1.8
2018,,,Total,,1.8
2018,,,,Superior,3.1
2018,,,,Profesional tehnic postsecundar nonterțiar (mediu de specialitate),3.3
2018,,,,Upper secondary vocational ,2.8
2018,,,,"Liceal, mediu general",2.6
2018,,,,Gimnazial,2.7
2018,,,,Primar sau fără şcoală primară,7.0
2019,,,,,5.1
2019,Bărbați,,,,5.8
2019,Femei,,,,4.4
2019,,15-24,,,10.4
2019,,25-34,,,5.8
2019,,35-44,,,5.3
2019,,45-54,,,4.1
2019,,55-64,,,3.9
2019,,,Total,,3.8
2019,,,,Superior,2.8
2019,,,,Profesional tehnic postsecundar nonterțiar (mediu de specialitate),3.8
2019,,,,Upper secondary vocational ,5.8
2019,,,,"Liceal, mediu general",5.5
2019,,,,Gimnazial,8.3
2019,,,,Primar sau fără şcoală primară,13.3
2020,,,,,3.8
2020,Bărbați,,,,4.3
2020,Femei,,,,3.2
2020,,15-24,,,10.9
2020,,25-34,,,3.7
2020,,35-44,,,3.8
2020,,45-54,,,3.4
2020,,55-64,,,2.9
2020,,,Total,,2.4
2020,,,,Superior,2.3
2020,,,,Profesional tehnic postsecundar nonterțiar (mediu de specialitate),3.4
2020,,,,Upper secondary vocational ,4.4
2020,,,,"Liceal, mediu general",3.9
2020,,,,Gimnazial,5.6
2020,,,,Primar sau fără şcoală primară,21.0
2021,,,,,3.2
2021,Bărbați,,,,3.8
2021,Femei,,,,2.5
2021,,15-24,,,9.2
2021,,25-34,,,2.9
2021,,35-44,,,3.1
2021,,45-54,,,3.0
2021,,55-64,,,2.7
2021,,,Total,,4.2
2021,,,,Superior,1.8
2021,,,,Profesional tehnic postsecundar nonterțiar (mediu de specialitate),3.5
2021,,,,Upper secondary vocational ,3.8
2021,,,,"Liceal, mediu general",3.5
2021,,,,Gimnazial,4.1
2021,,,,Primar sau fără şcoală primară,8.5
2022,,,,,3.1
2022,Bărbați,,,,3.5
2022,Femei,,,,2.6
2022,,15-24,,,10.7
2022,,25-34,,,2.5
2022,,35-44,,,2.9
2022,,45-54,,,3.0
2022,,55-64,,,2.5
2022,,,Total,,4.6
2022,,,,Superior,1.9
2022,,,,Profesional tehnic postsecundar nonterțiar (mediu de specialitate),2.6
2022,,,,Upper secondary vocational ,3.3
2022,,,,"Liceal, mediu general",3.5
2022,,,,Gimnazial,4.6
2022,,,,Primar sau fără şcoală primară,2.4
