Year,"Accidente mortale, după sex","Accidente mortale, după activități economice","Accidente nemortale, după sex","Accidente nemortale, după activități economice",Value
2010,,,,,
2010,Total,,,,6.6
2010,Bărbați,,,,12.7
2010,Femei,,,,1.5
2010,,"Agricultura, silvicultura și pescuit",,,
2010,,Industrie,,,
2010,,Industria extractivă,,,
2010,,Industria prelucrătoare,,,
2010,,"Producția și furnizarea de energie electrică și termică, gaze, apa caldă și aer condiționat",,,
2010,,"Distribuția apei; salubritate, gestionarea deșeurilor, activitați de decontaminare",,,
2010,,Construcții,,,
2010,,Comerț cu ridicata și cu amănuntul; întreținerea și repararea autovehiculelor și a motocicletelor,,,
2010,,Transport și depozitare,,,
2010,,Activitati de cazare si alimentatie publica,,,
2010,,Informații și comunicații,,,
2010,,Activități financiare și de asigurări,,,
2010,,Tranzacții imobiliare,,,
2010,,"Activități profesionale, științifice și tehnice",,,
2010,,Activitati de servicii administrative si activitati de servicii suport,,,
2010,,Administratțe publică și apărare; asigurări sociale obligatorii,,,
2010,,Învățământ,,,
2010,,Sănătate și asistență socială,,,
2010,,"Arta, activități de recreere și de agrement",,,
2010,,Alte activități de servicii,,,
2010,,,Total,,91.4
2010,,,Bărbați,,124.8
2010,,,Femei,,60.2
2010,,,,"Agricultura, silvicultura și pescuit",
2010,,,,Industrie,
2010,,,,Industria extractivă,
2010,,,,Industria prelucrătoare,
2010,,,,"Producția și furnizarea de energie electrică și termică, gaze, apa caldă și aer condiționat",
2010,,,,"Distribuția apei; salubritate, gestionarea deșeurilor, activitați de decontaminare",
2010,,,,Construcții,
2010,,,,Comerț cu ridicata și cu amănuntul; întreținerea și repararea autovehiculelor și a motocicletelor,
2010,,,,Transport și depozitare,
2010,,,,Activitati de cazare si alimentatie publica,
2010,,,,Informații și comunicații,
2010,,,,Activități financiare și de asigurări,
2010,,,,Tranzacții imobiliare,
2010,,,,"Activități profesionale, științifice și tehnice",
2010,,,,Activitati de servicii administrative si activitati de servicii suport,
2010,,,,Administratțe publică și apărare; asigurări sociale obligatorii,
2010,,,,Învățământ,
2010,,,,Sănătate și asistență socială,
2010,,,,"Arta, activități de recreere și de agrement",
2010,,,,Alte activități de servicii,
2011,,,,,
2011,Total,,,,4.6
2011,Bărbați,,,,10.2
2011,Femei,,,,0.0
2011,,"Agricultura, silvicultura și pescuit",,,
2011,,Industrie,,,
2011,,Industria extractivă,,,
2011,,Industria prelucrătoare,,,
2011,,"Producția și furnizarea de energie electrică și termică, gaze, apa caldă și aer condiționat",,,
2011,,"Distribuția apei; salubritate, gestionarea deșeurilor, activitați de decontaminare",,,
2011,,Construcții,,,
2011,,Comerț cu ridicata și cu amănuntul; întreținerea și repararea autovehiculelor și a motocicletelor,,,
2011,,Transport și depozitare,,,
2011,,Activitati de cazare si alimentatie publica,,,
2011,,Informații și comunicații,,,
2011,,Activități financiare și de asigurări,,,
2011,,Tranzacții imobiliare,,,
2011,,"Activități profesionale, științifice și tehnice",,,
2011,,Activitati de servicii administrative si activitati de servicii suport,,,
2011,,Administratțe publică și apărare; asigurări sociale obligatorii,,,
2011,,Învățământ,,,
2011,,Sănătate și asistență socială,,,
2011,,"Arta, activități de recreere și de agrement",,,
2011,,Alte activități de servicii,,,
2011,,,Total,,66.0
2011,,,Bărbați,,119.3
2011,,,Femei,,33.0
2011,,,,"Agricultura, silvicultura și pescuit",
2011,,,,Industrie,
2011,,,,Industria extractivă,
2011,,,,Industria prelucrătoare,
2011,,,,"Producția și furnizarea de energie electrică și termică, gaze, apa caldă și aer condiționat",
2011,,,,"Distribuția apei; salubritate, gestionarea deșeurilor, activitați de decontaminare",
2011,,,,Construcții,
2011,,,,Comerț cu ridicata și cu amănuntul; întreținerea și repararea autovehiculelor și a motocicletelor,
2011,,,,Transport și depozitare,
2011,,,,Activitati de cazare si alimentatie publica,
2011,,,,Informații și comunicații,
2011,,,,Activități financiare și de asigurări,
2011,,,,Tranzacții imobiliare,
2011,,,,"Activități profesionale, științifice și tehnice",
2011,,,,Activitati de servicii administrative si activitati de servicii suport,
2011,,,,Administratțe publică și apărare; asigurări sociale obligatorii,
2011,,,,Învățământ,
2011,,,,Sănătate și asistență socială,
2011,,,,"Arta, activități de recreere și de agrement",
2011,,,,Alte activități de servicii,
2012,,,,,
2012,Total,,,,3.4
2012,Bărbați,,,,6.0
2012,Femei,,,,1.2
2012,,"Agricultura, silvicultura și pescuit",,,
2012,,Industrie,,,
2012,,Industria extractivă,,,
2012,,Industria prelucrătoare,,,
2012,,"Producția și furnizarea de energie electrică și termică, gaze, apa caldă și aer condiționat",,,
2012,,"Distribuția apei; salubritate, gestionarea deșeurilor, activitați de decontaminare",,,
2012,,Construcții,,,
2012,,Comerț cu ridicata și cu amănuntul; întreținerea și repararea autovehiculelor și a motocicletelor,,,
2012,,Transport și depozitare,,,
2012,,Activitati de cazare si alimentatie publica,,,
2012,,Informații și comunicații,,,
2012,,Activități financiare și de asigurări,,,
2012,,Tranzacții imobiliare,,,
2012,,"Activități profesionale, științifice și tehnice",,,
2012,,Activitati de servicii administrative si activitati de servicii suport,,,
2012,,Administratțe publică și apărare; asigurări sociale obligatorii,,,
2012,,Învățământ,,,
2012,,Sănătate și asistență socială,,,
2012,,"Arta, activități de recreere și de agrement",,,
2012,,Alte activități de servicii,,,
2012,,,Total,,64.4
2012,,,Bărbați,,91.5
2012,,,Femei,,49.9
2012,,,,"Agricultura, silvicultura și pescuit",
2012,,,,Industrie,
2012,,,,Industria extractivă,
2012,,,,Industria prelucrătoare,
2012,,,,"Producția și furnizarea de energie electrică și termică, gaze, apa caldă și aer condiționat",
2012,,,,"Distribuția apei; salubritate, gestionarea deșeurilor, activitați de decontaminare",
2012,,,,Construcții,
2012,,,,Comerț cu ridicata și cu amănuntul; întreținerea și repararea autovehiculelor și a motocicletelor,
2012,,,,Transport și depozitare,
2012,,,,Activitati de cazare si alimentatie publica,
2012,,,,Informații și comunicații,
2012,,,,Activități financiare și de asigurări,
2012,,,,Tranzacții imobiliare,
2012,,,,"Activități profesionale, științifice și tehnice",
2012,,,,Activitati de servicii administrative si activitati de servicii suport,
2012,,,,Administratțe publică și apărare; asigurări sociale obligatorii,
2012,,,,Învățământ,
2012,,,,Sănătate și asistență socială,
2012,,,,"Arta, activități de recreere și de agrement",
2012,,,,Alte activități de servicii,
2013,,,,,
2013,Total,,,,6.2
2013,Bărbați,,,,13.3
2013,Femei,,,,0.3
2013,,"Agricultura, silvicultura și pescuit",,,
2013,,Industrie,,,
2013,,Industria extractivă,,,
2013,,Industria prelucrătoare,,,
2013,,"Producția și furnizarea de energie electrică și termică, gaze, apa caldă și aer condiționat",,,
2013,,"Distribuția apei; salubritate, gestionarea deșeurilor, activitați de decontaminare",,,
2013,,Construcții,,,
2013,,Comerț cu ridicata și cu amănuntul; întreținerea și repararea autovehiculelor și a motocicletelor,,,
2013,,Transport și depozitare,,,
2013,,Activitati de cazare si alimentatie publica,,,
2013,,Informații și comunicații,,,
2013,,Activități financiare și de asigurări,,,
2013,,Tranzacții imobiliare,,,
2013,,"Activități profesionale, științifice și tehnice",,,
2013,,Activitati de servicii administrative si activitati de servicii suport,,,
2013,,Administratțe publică și apărare; asigurări sociale obligatorii,,,
2013,,Învățământ,,,
2013,,Sănătate și asistență socială,,,
2013,,"Arta, activități de recreere și de agrement",,,
2013,,Alte activități de servicii,,,
2013,,,Total,,90.6
2013,,,Bărbați,,158.4
2013,,,Femei,,45.7
2013,,,,"Agricultura, silvicultura și pescuit",
2013,,,,Industrie,
2013,,,,Industria extractivă,
2013,,,,Industria prelucrătoare,
2013,,,,"Producția și furnizarea de energie electrică și termică, gaze, apa caldă și aer condiționat",
2013,,,,"Distribuția apei; salubritate, gestionarea deșeurilor, activitați de decontaminare",
2013,,,,Construcții,
2013,,,,Comerț cu ridicata și cu amănuntul; întreținerea și repararea autovehiculelor și a motocicletelor,
2013,,,,Transport și depozitare,
2013,,,,Activitati de cazare si alimentatie publica,
2013,,,,Informații și comunicații,
2013,,,,Activități financiare și de asigurări,
2013,,,,Tranzacții imobiliare,
2013,,,,"Activități profesionale, științifice și tehnice",
2013,,,,Activitati de servicii administrative si activitati de servicii suport,
2013,,,,Administratțe publică și apărare; asigurări sociale obligatorii,
2013,,,,Învățământ,
2013,,,,Sănătate și asistență socială,
2013,,,,"Arta, activități de recreere și de agrement",
2013,,,,Alte activități de servicii,
2014,,,,,
2014,Total,,,,5.9
2014,Bărbați,,,,12.7
2014,Femei,,,,0.3
2014,,"Agricultura, silvicultura și pescuit",,,
2014,,Industrie,,,
2014,,Industria extractivă,,,
2014,,Industria prelucrătoare,,,
2014,,"Producția și furnizarea de energie electrică și termică, gaze, apa caldă și aer condiționat",,,
2014,,"Distribuția apei; salubritate, gestionarea deșeurilor, activitați de decontaminare",,,
2014,,Construcții,,,
2014,,Comerț cu ridicata și cu amănuntul; întreținerea și repararea autovehiculelor și a motocicletelor,,,
2014,,Transport și depozitare,,,
2014,,Activitati de cazare si alimentatie publica,,,
2014,,Informații și comunicații,,,
2014,,Activități financiare și de asigurări,,,
2014,,Tranzacții imobiliare,,,
2014,,"Activități profesionale, științifice și tehnice",,,
2014,,Activitati de servicii administrative si activitati de servicii suport,,,
2014,,Administratțe publică și apărare; asigurări sociale obligatorii,,,
2014,,Învățământ,,,
2014,,Sănătate și asistență socială,,,
2014,,"Arta, activități de recreere și de agrement",,,
2014,,Alte activități de servicii,,,
2014,,,Total,,80.0
2014,,,Bărbați,,150.9
2014,,,Femei,,31.4
2014,,,,"Agricultura, silvicultura și pescuit",
2014,,,,Industrie,
2014,,,,Industria extractivă,
2014,,,,Industria prelucrătoare,
2014,,,,"Producția și furnizarea de energie electrică și termică, gaze, apa caldă și aer condiționat",
2014,,,,"Distribuția apei; salubritate, gestionarea deșeurilor, activitați de decontaminare",
2014,,,,Construcții,
2014,,,,Comerț cu ridicata și cu amănuntul; întreținerea și repararea autovehiculelor și a motocicletelor,
2014,,,,Transport și depozitare,
2014,,,,Activitati de cazare si alimentatie publica,
2014,,,,Informații și comunicații,
2014,,,,Activități financiare și de asigurări,
2014,,,,Tranzacții imobiliare,
2014,,,,"Activități profesionale, științifice și tehnice",
2014,,,,Activitati de servicii administrative si activitati de servicii suport,
2014,,,,Administratțe publică și apărare; asigurări sociale obligatorii,
2014,,,,Învățământ,
2014,,,,Sănătate și asistență socială,
2014,,,,"Arta, activități de recreere și de agrement",
2014,,,,Alte activități de servicii,
2015,,,,,
2015,Total,,,,5.7
2015,Bărbați,,,,12.0
2015,Femei,,,,0.6
2015,,"Agricultura, silvicultura și pescuit",,,
2015,,Industrie,,,
2015,,Industria extractivă,,,
2015,,Industria prelucrătoare,,,
2015,,"Producția și furnizarea de energie electrică și termică, gaze, apa caldă și aer condiționat",,,
2015,,"Distribuția apei; salubritate, gestionarea deșeurilor, activitați de decontaminare",,,
2015,,Construcții,,,
2015,,Comerț cu ridicata și cu amănuntul; întreținerea și repararea autovehiculelor și a motocicletelor,,,
2015,,Transport și depozitare,,,
2015,,Activitati de cazare si alimentatie publica,,,
2015,,Informații și comunicații,,,
2015,,Activități financiare și de asigurări,,,
2015,,Tranzacții imobiliare,,,
2015,,"Activități profesionale, științifice și tehnice",,,
2015,,Activitati de servicii administrative si activitati de servicii suport,,,
2015,,Administratțe publică și apărare; asigurări sociale obligatorii,,,
2015,,Învățământ,,,
2015,,Sănătate și asistență socială,,,
2015,,"Arta, activități de recreere și de agrement",,,
2015,,Alte activități de servicii,,,
2015,,,Total,,67.8
2015,,,Bărbați,,121.6
2015,,,Femei,,29.4
2015,,,,"Agricultura, silvicultura și pescuit",
2015,,,,Industrie,
2015,,,,Industria extractivă,
2015,,,,Industria prelucrătoare,
2015,,,,"Producția și furnizarea de energie electrică și termică, gaze, apa caldă și aer condiționat",
2015,,,,"Distribuția apei; salubritate, gestionarea deșeurilor, activitați de decontaminare",
2015,,,,Construcții,
2015,,,,Comerț cu ridicata și cu amănuntul; întreținerea și repararea autovehiculelor și a motocicletelor,
2015,,,,Transport și depozitare,
2015,,,,Activitati de cazare si alimentatie publica,
2015,,,,Informații și comunicații,
2015,,,,Activități financiare și de asigurări,
2015,,,,Tranzacții imobiliare,
2015,,,,"Activități profesionale, științifice și tehnice",
2015,,,,Activitati de servicii administrative si activitati de servicii suport,
2015,,,,Administratțe publică și apărare; asigurări sociale obligatorii,
2015,,,,Învățământ,
2015,,,,Sănătate și asistență socială,
2015,,,,"Arta, activități de recreere și de agrement",
2015,,,,Alte activități de servicii,
2016,,,,,
2016,Total,,,,4.9
2016,Bărbați,,,,9.0
2016,Femei,,,,1.3
2016,,"Agricultura, silvicultura și pescuit",,,10.9
2016,,Industrie,,,7.1
2016,,Industria extractivă,,,0.0
2016,,Industria prelucrătoare,,,7.7
2016,,"Producția și furnizarea de energie electrică și termică, gaze, apa caldă și aer condiționat",,,0.0
2016,,"Distribuția apei; salubritate, gestionarea deșeurilor, activitați de decontaminare",,,13.0
2016,,Construcții,,,14.5
2016,,Comerț cu ridicata și cu amănuntul; întreținerea și repararea autovehiculelor și a motocicletelor,,,5.4
2016,,Transport și depozitare,,,19.5
2016,,Activitati de cazare si alimentatie publica,,,0.0
2016,,Informații și comunicații,,,0.0
2016,,Activități financiare și de asigurări,,,0.0
2016,,Tranzacții imobiliare,,,8.6
2016,,"Activități profesionale, științifice și tehnice",,,0.0
2016,,Activitati de servicii administrative si activitati de servicii suport,,,18.2
2016,,Administratțe publică și apărare; asigurări sociale obligatorii,,,0.0
2016,,Învățământ,,,0.0
2016,,Sănătate și asistență socială,,,0.0
2016,,"Arta, activități de recreere și de agrement",,,0.0
2016,,Alte activități de servicii,,,0.0
2016,,,Total,,57.6
2016,,,Bărbați,,74.1
2016,,,Femei,,43.0
2016,,,,"Agricultura, silvicultura și pescuit",76.2
2016,,,,Industrie,97.9
2016,,,,Industria extractivă,194.4
2016,,,,Industria prelucrătoare,86.9
2016,,,,"Producția și furnizarea de energie electrică și termică, gaze, apa caldă și aer condiționat",134.9
2016,,,,"Distribuția apei; salubritate, gestionarea deșeurilor, activitați de decontaminare",130.1
2016,,,,Construcții,87.2
2016,,,,Comerț cu ridicata și cu amănuntul; întreținerea și repararea autovehiculelor și a motocicletelor,42.4
2016,,,,Transport și depozitare,89.3
2016,,,,Activitati de cazare si alimentatie publica,40.5
2016,,,,Informații și comunicații,33.2
2016,,,,Activități financiare și de asigurări,41.4
2016,,,,Tranzacții imobiliare,34.4
2016,,,,"Activități profesionale, științifice și tehnice",12.9
2016,,,,Activitati de servicii administrative si activitati de servicii suport,136.3
2016,,,,Administratțe publică și apărare; asigurări sociale obligatorii,15.5
2016,,,,Învățământ,19.1
2016,,,,Sănătate și asistență socială,79.6
2016,,,,"Arta, activități de recreere și de agrement",110.3
2016,,,,Alte activități de servicii,45.8
2017,,,,,
2017,Total,,,,6.8
2017,Bărbați,,,,14.5
2017,Femei,,,,0.0
2017,,"Agricultura, silvicultura și pescuit",,,29.3
2017,,Industrie,,,5.7
2017,,Industria extractivă,,,197.9
2017,,Industria prelucrătoare,,,2.4
2017,,"Producția și furnizarea de energie electrică și termică, gaze, apa caldă și aer condiționat",,,0.0
2017,,"Distribuția apei; salubritate, gestionarea deșeurilor, activitați de decontaminare",,,0.0
2017,,Construcții,,,36.7
2017,,Comerț cu ridicata și cu amănuntul; întreținerea și repararea autovehiculelor și a motocicletelor,,,2.1
2017,,Transport și depozitare,,,22.8
2017,,Activitati de cazare si alimentatie publica,,,0.0
2017,,Informații și comunicații,,,0.0
2017,,Activități financiare și de asigurări,,,0.0
2017,,Tranzacții imobiliare,,,8.8
2017,,"Activități profesionale, științifice și tehnice",,,0.0
2017,,Activitati de servicii administrative si activitati de servicii suport,,,17.1
2017,,Administratțe publică și apărare; asigurări sociale obligatorii,,,4.0
2017,,Învățământ,,,1.0
2017,,Sănătate și asistență socială,,,0.0
2017,,"Arta, activități de recreere și de agrement",,,0.0
2017,,Alte activități de servicii,,,0.0
2017,,,Total,,68.0
2017,,,Bărbați,,94.5
2017,,,Femei,,44.2
2017,,,,"Agricultura, silvicultura și pescuit",61.2
2017,,,,Industrie,90.0
2017,,,,Industria extractivă,49.5
2017,,,,Industria prelucrătoare,89.3
2017,,,,"Producția și furnizarea de energie electrică și termică, gaze, apa caldă și aer condiționat",73.2
2017,,,,"Distribuția apei; salubritate, gestionarea deșeurilor, activitați de decontaminare",132.8
2017,,,,Construcții,114.6
2017,,,,Comerț cu ridicata și cu amănuntul; întreținerea și repararea autovehiculelor și a motocicletelor,49.8
2017,,,,Transport și depozitare,74.2
2017,,,,Activitati de cazare si alimentatie publica,40.0
2017,,,,Informații și comunicații,37.8
2017,,,,Activități financiare și de asigurări,40.4
2017,,,,Tranzacții imobiliare,53.0
2017,,,,"Activități profesionale, științifice și tehnice",25.9
2017,,,,Activitati de servicii administrative si activitati de servicii suport,85.4
2017,,,,Administratțe publică și apărare; asigurări sociale obligatorii,169.4
2017,,,,Învățământ,22.6
2017,,,,Sănătate și asistență socială,72.1
2017,,,,"Arta, activități de recreere și de agrement",33.2
2017,,,,Alte activități de servicii,39.5
2018,,,,,
2018,Total,,,,6.2
2018,Bărbați,,,,12.6
2018,Femei,,,,0.3
2018,,"Agricultura, silvicultura și pescuit",,,5.3
2018,,Industrie,,,9.2
2018,,Industria extractivă,,,0.0
2018,,Industria prelucrătoare,,,6.8
2018,,"Producția și furnizarea de energie electrică și termică, gaze, apa caldă și aer condiționat",,,9.4
2018,,"Distribuția apei; salubritate, gestionarea deșeurilor, activitați de decontaminare",,,39.6
2018,,Construcții,,,25.6
2018,,Comerț cu ridicata și cu amănuntul; întreținerea și repararea autovehiculelor și a motocicletelor,,,5.9
2018,,Transport și depozitare,,,25.5
2018,,Activitati de cazare si alimentatie publica,,,0.0
2018,,Informații și comunicații,,,0.0
2018,,Activități financiare și de asigurări,,,0.0
2018,,Tranzacții imobiliare,,,9.1
2018,,"Activități profesionale, științifice și tehnice",,,6.5
2018,,Activitati de servicii administrative si activitati de servicii suport,,,7.8
2018,,Administratțe publică și apărare; asigurări sociale obligatorii,,,2.0
2018,,Învățământ,,,0.0
2018,,Sănătate și asistență socială,,,0.0
2018,,"Arta, activități de recreere și de agrement",,,8.2
2018,,Alte activități de servicii,,,0.0
2018,,,Total,,75.9
2018,,,Bărbați,,104.5
2018,,,Femei,,49.6
2018,,,,"Agricultura, silvicultura și pescuit",42.5
2018,,,,Industrie,108.5
2018,,,,Industria extractivă,51.3
2018,,,,Industria prelucrătoare,106.0
2018,,,,"Producția și furnizarea de energie electrică și termică, gaze, apa caldă și aer condiționat",122.3
2018,,,,"Distribuția apei; salubritate, gestionarea deșeurilor, activitați de decontaminare",132.1
2018,,,,Construcții,76.8
2018,,,,Comerț cu ridicata și cu amănuntul; întreținerea și repararea autovehiculelor și a motocicletelor,55.1
2018,,,,Transport și depozitare,84.9
2018,,,,Activitati de cazare si alimentatie publica,0.0
2018,,,,Informații și comunicații,41.0
2018,,,,Activități financiare și de asigurări,47.7
2018,,,,Tranzacții imobiliare,27.3
2018,,,,"Activități profesionale, științifice și tehnice",38.9
2018,,,,Activitati de servicii administrative si activitati de servicii suport,70.6
2018,,,,Administratțe publică și apărare; asigurări sociale obligatorii,261.0
2018,,,,Învățământ,13.6
2018,,,,Sănătate și asistență socială,82.8
2018,,,,"Arta, activități de recreere și de agrement",32.8
2018,,,,Alte activități de servicii,19.2
2019,,,,,
2019,Total,,,,5.8
2019,Bărbați,,,,11.4
2019,Femei,,,,0.6
2019,,"Agricultura, silvicultura și pescuit",,,16.5
2019,,Industrie,,,5.4
2019,,Industria extractivă,,,48.0
2019,,Industria prelucrătoare,,,5.5
2019,,"Producția și furnizarea de energie electrică și termică, gaze, apa caldă și aer condiționat",,,0.0
2019,,"Distribuția apei; salubritate, gestionarea deșeurilor, activitați de decontaminare",,,0.0
2019,,Construcții,,,44.7
2019,,Comerț cu ridicata și cu amănuntul; întreținerea și repararea autovehiculelor și a motocicletelor,,,4.8
2019,,Transport și depozitare,,,10.9
2019,,Activitati de cazare si alimentatie publica,,,0.0
2019,,Informații și comunicații,,,4.6
2019,,Activități financiare și de asigurări,,,0.0
2019,,Tranzacții imobiliare,,,0.0
2019,,"Activități profesionale, științifice și tehnice",,,7.2
2019,,Activitati de servicii administrative si activitati de servicii suport,,,0.0
2019,,Administratțe publică și apărare; asigurări sociale obligatorii,,,0.0
2019,,Învățământ,,,0.0
2019,,Sănătate și asistență socială,,,3.3
2019,,"Arta, activități de recreere și de agrement",,,0.0
2019,,Alte activități de servicii,,,0.0
2019,,,Total,,73.1
2019,,,Bărbați,,105.6
2019,,,Femei,,43.4
2019,,,,"Agricultura, silvicultura și pescuit",65.9
2019,,,,Industrie,94.3
2019,,,,Industria extractivă,48.0
2019,,,,Industria prelucrătoare,78.1
2019,,,,"Producția și furnizarea de energie electrică și termică, gaze, apa caldă și aer condiționat",170.7
2019,,,,"Distribuția apei; salubritate, gestionarea deșeurilor, activitați de decontaminare",191.4
2019,,,,Construcții,129.9
2019,,,,Comerț cu ridicata și cu amănuntul; întreținerea și repararea autovehiculelor și a motocicletelor,61.3
2019,,,,Transport și depozitare,98.4
2019,,,,Activitati de cazare si alimentatie publica,27.6
2019,,,,Informații și comunicații,37.1
2019,,,,Activități financiare și de asigurări,15.6
2019,,,,Tranzacții imobiliare,41.7
2019,,,,"Activități profesionale, științifice și tehnice",14.4
2019,,,,Activitati de servicii administrative si activitati de servicii suport,90.5
2019,,,,Administratțe publică și apărare; asigurări sociale obligatorii,226.0
2019,,,,Învățământ,11.5
2019,,,,Sănătate și asistență socială,58.0
2019,,,,"Arta, activități de recreere și de agrement",24.3
2019,,,,Alte activități de servicii,46.2
2020,,,,,
2020,Total,,,,5.2
2020,Bărbați,,,,10.9
2020,Femei,,,,0.0
2020,,"Agricultura, silvicultura și pescuit",,,11.7
2020,,Industrie,,,8.5
2020,,Industria extractivă,,,0.0
2020,,Industria prelucrătoare,,,10.5
2020,,"Producția și furnizarea de energie electrică și termică, gaze, apa caldă și aer condiționat",,,0.0
2020,,"Distribuția apei; salubritate, gestionarea deșeurilor, activitați de decontaminare",,,0.0
2020,,Construcții,,,12.4
2020,,Comerț cu ridicata și cu amănuntul; întreținerea și repararea autovehiculelor și a motocicletelor,,,1.0
2020,,Transport și depozitare,,,26.4
2020,,Activitati de cazare si alimentatie publica,,,0.0
2020,,Informații și comunicații,,,4.2
2020,,Activități financiare și de asigurări,,,0.0
2020,,Tranzacții imobiliare,,,0.0
2020,,"Activități profesionale, științifice și tehnice",,,0.0
2020,,Activitati de servicii administrative si activitati de servicii suport,,,0.0
2020,,Administratțe publică și apărare; asigurări sociale obligatorii,,,6.1
2020,,Învățământ,,,1.1
2020,,Sănătate și asistență socială,,,0.0
2020,,"Arta, activități de recreere și de agrement",,,0.0
2020,,Alte activități de servicii,,,0.0
2020,,,Total,,64.5
2020,,,Bărbați,,92.1
2020,,,Femei,,39.5
2020,,,,"Agricultura, silvicultura și pescuit",32.2
2020,,,,Industrie,96.2
2020,,,,Industria extractivă,153.1
2020,,,,Industria prelucrătoare,90.9
2020,,,,"Producția și furnizarea de energie electrică și termică, gaze, apa caldă și aer condiționat",47.7
2020,,,,"Distribuția apei; salubritate, gestionarea deșeurilor, activitați de decontaminare",206.1
2020,,,,Construcții,141.1
2020,,,,Comerț cu ridicata și cu amănuntul; întreținerea și repararea autovehiculelor și a motocicletelor,48.4
2020,,,,Transport și depozitare,70.3
2020,,,,Activitati de cazare si alimentatie publica,41.3
2020,,,,Informații și comunicații,33.7
2020,,,,Activități financiare și de asigurări,7.8
2020,,,,Tranzacții imobiliare,17.0
2020,,,,"Activități profesionale, științifice și tehnice",15.3
2020,,,,Activitati de servicii administrative si activitati de servicii suport,170.0
2020,,,,Administratțe publică și apărare; asigurări sociale obligatorii,174.4
2020,,,,Învățământ,19.3
2020,,,,Sănătate și asistență socială,43.1
2020,,,,"Arta, activități de recreere și de agrement",16.9
2020,,,,Alte activități de servicii,0.0
2021,,,,,
2021,Total,,,,4.8
2021,Bărbați,,,,10.1
2021,Femei,,,,0.0
2021,,"Agricultura, silvicultura și pescuit",,,23.2
2021,,Industrie,,,1.9
2021,,Industria extractivă,,,0.0
2021,,Industria prelucrătoare,,,1.2
2021,,"Producția și furnizarea de energie electrică și termică, gaze, apa caldă și aer condiționat",,,0.0
2021,,"Distribuția apei; salubritate, gestionarea deșeurilor, activitați de decontaminare",,,12.5
2021,,Construcții,,,27.2
2021,,Comerț cu ridicata și cu amănuntul; întreținerea și repararea autovehiculelor și a motocicletelor,,,2.8
2021,,Transport și depozitare,,,8.6
2021,,Activitati de cazare si alimentatie publica,,,0.0
2021,,Informații și comunicații,,,0.0
2021,,Activități financiare și de asigurări,,,0.0
2021,,Tranzacții imobiliare,,,9.1
2021,,"Activități profesionale, științifice și tehnice",,,0.0
2021,,Activitati de servicii administrative si activitati de servicii suport,,,8.0
2021,,Administratțe publică și apărare; asigurări sociale obligatorii,,,6.0
2021,,Învățământ,,,0.0
2021,,Sănătate și asistență socială,,,0.0
2021,,"Arta, activități de recreere și de agrement",,,8.5
2021,,Alte activități de servicii,,,16.9
2021,,,Total,,84.0
2021,,,Bărbați,,111.9
2021,,,Femei,,58.7
2021,,,,"Agricultura, silvicultura și pescuit",46.4
2021,,,,Industrie,133.5
2021,,,,Industria extractivă,54.7
2021,,,,Industria prelucrătoare,127.7
2021,,,,"Producția și furnizarea de energie electrică și termică, gaze, apa caldă și aer condiționat",153.5
2021,,,,"Distribuția apei; salubritate, gestionarea deșeurilor, activitați de decontaminare",187.4
2021,,,,Construcții,178.7
2021,,,,Comerț cu ridicata și cu amănuntul; întreținerea și repararea autovehiculelor și a motocicletelor,72.5
2021,,,,Transport și depozitare,122.8
2021,,,,Activitati de cazare si alimentatie publica,65.0
2021,,,,Informații și comunicații,25.5
2021,,,,Activități financiare și de asigurări,30.2
2021,,,,Tranzacții imobiliare,90.6
2021,,,,"Activități profesionale, științifice și tehnice",44.9
2021,,,,Activitati de servicii administrative si activitati de servicii suport,96.6
2021,,,,Administratțe publică și apărare; asigurări sociale obligatorii,126.2
2021,,,,Învățământ,27.9
2021,,,,Sănătate și asistență socială,88.9
2021,,,,"Arta, activități de recreere și de agrement",42.4
2021,,,,Alte activități de servicii,16.9
2022,,,,,
2022,Total,,,,
2022,Bărbați,,,,
2022,Femei,,,,
2022,,"Agricultura, silvicultura și pescuit",,,
2022,,Industrie,,,
2022,,Industria extractivă,,,
2022,,Industria prelucrătoare,,,
2022,,"Producția și furnizarea de energie electrică și termică, gaze, apa caldă și aer condiționat",,,
2022,,"Distribuția apei; salubritate, gestionarea deșeurilor, activitați de decontaminare",,,
2022,,Construcții,,,
2022,,Comerț cu ridicata și cu amănuntul; întreținerea și repararea autovehiculelor și a motocicletelor,,,
2022,,Transport și depozitare,,,
2022,,Activitati de cazare si alimentatie publica,,,
2022,,Informații și comunicații,,,
2022,,Activități financiare și de asigurări,,,
2022,,Tranzacții imobiliare,,,
2022,,"Activități profesionale, științifice și tehnice",,,
2022,,Activitati de servicii administrative si activitati de servicii suport,,,
2022,,Administratțe publică și apărare; asigurări sociale obligatorii,,,
2022,,Învățământ,,,
2022,,Sănătate și asistență socială,,,
2022,,"Arta, activități de recreere și de agrement",,,
2022,,Alte activități de servicii,,,
2022,,,Total,,
2022,,,Bărbați,,
2022,,,Femei,,
2022,,,,"Agricultura, silvicultura și pescuit",
2022,,,,Industrie,
2022,,,,Industria extractivă,
2022,,,,Industria prelucrătoare,
2022,,,,"Producția și furnizarea de energie electrică și termică, gaze, apa caldă și aer condiționat",
2022,,,,"Distribuția apei; salubritate, gestionarea deșeurilor, activitați de decontaminare",
2022,,,,Construcții,
2022,,,,Comerț cu ridicata și cu amănuntul; întreținerea și repararea autovehiculelor și a motocicletelor,
2022,,,,Transport și depozitare,
2022,,,,Activitati de cazare si alimentatie publica,
2022,,,,Informații și comunicații,
2022,,,,Activități financiare și de asigurări,
2022,,,,Tranzacții imobiliare,
2022,,,,"Activități profesionale, științifice și tehnice",
2022,,,,Activitati de servicii administrative si activitati de servicii suport,
2022,,,,Administratțe publică și apărare; asigurări sociale obligatorii,
2022,,,,Învățământ,
2022,,,,Sănătate și asistență socială,
2022,,,,"Arta, activități de recreere și de agrement",
2022,,,,Alte activități de servicii,
