Year,Classes of disasters,Age group,Sex,Districts,Value
2010,,,,,
2010,Technogenic,,,,
2010,Natural  (by genres),,,,
2010,Social and biological,,,,
2010,Fires,,,,
2010,,0-17 years,,,
2010,,18 years and over,,,
2010,,,Men,,
2010,,,Women,,
2010,,,,Mun. Chisinau,
2010,,,,North,
2010,,,,mun. Balti,
2010,,,,Briceni,
2010,,,,Donduseni,
2010,,,,Drochia,
2010,,,,Edinet,
2010,,,,Falesti,
2010,,,,Floresti,
2010,,,,Glodeni,
2010,,,,Ocnita,
2010,,,,Rascani,
2010,,,,Sangerei,
2010,,,,Soroca,
2010,,,,Centre,
2010,,,,Anenii Noi,
2010,,,,Calarasi,
2010,,,,Criuleni,
2010,,,,Dubasari,
2010,,,,Hancesti,
2010,,,,Ialoveni,
2010,,,,Nisporeni,
2010,,,,Orhei,
2010,,,,Rezina,
2010,,,,Straseni,
2010,,,,Soldanesti,
2010,,,,Telenesti,
2010,,,,Ungheni,
2010,,,,South,
2010,,,,Basarabeasca,
2010,,,,Cahul,
2010,,,,Cantemir,
2010,,,,Causeni,
2010,,,,Cimislia,
2010,,,,Leova,
2010,,,,Stefan Voda,
2010,,,,Taraclia,
2010,,,,ATU Gagauzia,
2011,,,,,
2011,Technogenic,,,,
2011,Natural  (by genres),,,,
2011,Social and biological,,,,
2011,Fires,,,,
2011,,0-17 years,,,
2011,,18 years and over,,,
2011,,,Men,,
2011,,,Women,,
2011,,,,Mun. Chisinau,
2011,,,,North,
2011,,,,mun. Balti,
2011,,,,Briceni,
2011,,,,Donduseni,
2011,,,,Drochia,
2011,,,,Edinet,
2011,,,,Falesti,
2011,,,,Floresti,
2011,,,,Glodeni,
2011,,,,Ocnita,
2011,,,,Rascani,
2011,,,,Sangerei,
2011,,,,Soroca,
2011,,,,Centre,
2011,,,,Anenii Noi,
2011,,,,Calarasi,
2011,,,,Criuleni,
2011,,,,Dubasari,
2011,,,,Hancesti,
2011,,,,Ialoveni,
2011,,,,Nisporeni,
2011,,,,Orhei,
2011,,,,Rezina,
2011,,,,Straseni,
2011,,,,Soldanesti,
2011,,,,Telenesti,
2011,,,,Ungheni,
2011,,,,South,
2011,,,,Basarabeasca,
2011,,,,Cahul,
2011,,,,Cantemir,
2011,,,,Causeni,
2011,,,,Cimislia,
2011,,,,Leova,
2011,,,,Stefan Voda,
2011,,,,Taraclia,
2011,,,,ATU Gagauzia,
2012,,,,,
2012,Technogenic,,,,
2012,Natural  (by genres),,,,
2012,Social and biological,,,,
2012,Fires,,,,
2012,,0-17 years,,,
2012,,18 years and over,,,
2012,,,Men,,
2012,,,Women,,
2012,,,,Mun. Chisinau,
2012,,,,North,
2012,,,,mun. Balti,
2012,,,,Briceni,
2012,,,,Donduseni,
2012,,,,Drochia,
2012,,,,Edinet,
2012,,,,Falesti,
2012,,,,Floresti,
2012,,,,Glodeni,
2012,,,,Ocnita,
2012,,,,Rascani,
2012,,,,Sangerei,
2012,,,,Soroca,
2012,,,,Centre,
2012,,,,Anenii Noi,
2012,,,,Calarasi,
2012,,,,Criuleni,
2012,,,,Dubasari,
2012,,,,Hancesti,
2012,,,,Ialoveni,
2012,,,,Nisporeni,
2012,,,,Orhei,
2012,,,,Rezina,
2012,,,,Straseni,
2012,,,,Soldanesti,
2012,,,,Telenesti,
2012,,,,Ungheni,
2012,,,,South,
2012,,,,Basarabeasca,
2012,,,,Cahul,
2012,,,,Cantemir,
2012,,,,Causeni,
2012,,,,Cimislia,
2012,,,,Leova,
2012,,,,Stefan Voda,
2012,,,,Taraclia,
2012,,,,ATU Gagauzia,
2013,,,,,0.0
2013,Technogenic,,,,0.0
2013,Natural  (by genres),,,,0.0
2013,Social and biological,,,,0.0
2013,Fires,,,,0.0
2013,,0-17 years,,,0.0
2013,,18 years and over,,,0.0
2013,,,Men,,0.0
2013,,,Women,,0.0
2013,,,,Mun. Chisinau,0.0
2013,,,,North,0.0
2013,,,,mun. Balti,0.0
2013,,,,Briceni,0.0
2013,,,,Donduseni,0.0
2013,,,,Drochia,0.0
2013,,,,Edinet,0.0
2013,,,,Falesti,0.0
2013,,,,Floresti,0.0
2013,,,,Glodeni,0.0
2013,,,,Ocnita,0.0
2013,,,,Rascani,0.0
2013,,,,Sangerei,0.0
2013,,,,Soroca,0.0
2013,,,,Centre,0.0
2013,,,,Anenii Noi,0.0
2013,,,,Calarasi,0.0
2013,,,,Criuleni,0.0
2013,,,,Dubasari,0.0
2013,,,,Hancesti,0.0
2013,,,,Ialoveni,0.0
2013,,,,Nisporeni,0.0
2013,,,,Orhei,0.0
2013,,,,Rezina,0.0
2013,,,,Straseni,0.0
2013,,,,Soldanesti,0.0
2013,,,,Telenesti,0.0
2013,,,,Ungheni,0.0
2013,,,,South,0.0
2013,,,,Basarabeasca,0.0
2013,,,,Cahul,0.0
2013,,,,Cantemir,0.0
2013,,,,Causeni,0.0
2013,,,,Cimislia,0.0
2013,,,,Leova,0.0
2013,,,,Stefan Voda,0.0
2013,,,,Taraclia,0.0
2013,,,,ATU Gagauzia,0.0
2014,,,,,0.0
2014,Technogenic,,,,0.0
2014,Natural  (by genres),,,,0.0
2014,Social and biological,,,,0.0
2014,Fires,,,,0.0
2014,,0-17 years,,,0.0
2014,,18 years and over,,,0.0
2014,,,Men,,0.0
2014,,,Women,,0.0
2014,,,,Mun. Chisinau,0.0
2014,,,,North,0.0
2014,,,,mun. Balti,0.0
2014,,,,Briceni,0.0
2014,,,,Donduseni,0.0
2014,,,,Drochia,0.0
2014,,,,Edinet,0.0
2014,,,,Falesti,0.0
2014,,,,Floresti,0.0
2014,,,,Glodeni,0.0
2014,,,,Ocnita,0.0
2014,,,,Rascani,0.0
2014,,,,Sangerei,0.0
2014,,,,Soroca,0.0
2014,,,,Centre,0.0
2014,,,,Anenii Noi,0.0
2014,,,,Calarasi,0.0
2014,,,,Criuleni,0.0
2014,,,,Dubasari,0.0
2014,,,,Hancesti,0.0
2014,,,,Ialoveni,0.0
2014,,,,Nisporeni,0.0
2014,,,,Orhei,0.0
2014,,,,Rezina,0.0
2014,,,,Straseni,0.0
2014,,,,Soldanesti,0.0
2014,,,,Telenesti,0.0
2014,,,,Ungheni,0.0
2014,,,,South,0.0
2014,,,,Basarabeasca,0.0
2014,,,,Cahul,0.0
2014,,,,Cantemir,0.0
2014,,,,Causeni,0.0
2014,,,,Cimislia,0.0
2014,,,,Leova,0.0
2014,,,,Stefan Voda,0.0
2014,,,,Taraclia,0.0
2014,,,,ATU Gagauzia,0.0
2015,,,,,0.0
2015,Technogenic,,,,0.0
2015,Natural  (by genres),,,,0.0
2015,Social and biological,,,,0.0
2015,Fires,,,,0.0
2015,,0-17 years,,,0.0
2015,,18 years and over,,,0.0
2015,,,Men,,0.0
2015,,,Women,,0.0
2015,,,,Mun. Chisinau,0.0
2015,,,,North,0.0
2015,,,,mun. Balti,0.0
2015,,,,Briceni,0.0
2015,,,,Donduseni,0.0
2015,,,,Drochia,0.0
2015,,,,Edinet,0.0
2015,,,,Falesti,0.0
2015,,,,Floresti,0.0
2015,,,,Glodeni,0.0
2015,,,,Ocnita,0.0
2015,,,,Rascani,0.0
2015,,,,Sangerei,0.0
2015,,,,Soroca,0.0
2015,,,,Centre,0.0
2015,,,,Anenii Noi,0.0
2015,,,,Calarasi,0.0
2015,,,,Criuleni,0.0
2015,,,,Dubasari,0.0
2015,,,,Hancesti,0.0
2015,,,,Ialoveni,0.0
2015,,,,Nisporeni,0.0
2015,,,,Orhei,0.0
2015,,,,Rezina,0.0
2015,,,,Straseni,0.0
2015,,,,Soldanesti,0.0
2015,,,,Telenesti,0.0
2015,,,,Ungheni,0.0
2015,,,,South,0.0
2015,,,,Basarabeasca,0.0
2015,,,,Cahul,0.0
2015,,,,Cantemir,0.0
2015,,,,Causeni,0.0
2015,,,,Cimislia,0.0
2015,,,,Leova,0.0
2015,,,,Stefan Voda,0.0
2015,,,,Taraclia,0.0
2015,,,,ATU Gagauzia,0.0
2016,,,,,0.0
2016,Technogenic,,,,0.0
2016,Natural  (by genres),,,,0.0
2016,Social and biological,,,,0.0
2016,Fires,,,,0.0
2016,,0-17 years,,,0.0
2016,,18 years and over,,,0.0
2016,,,Men,,0.0
2016,,,Women,,0.0
2016,,,,Mun. Chisinau,0.0
2016,,,,North,0.0
2016,,,,mun. Balti,0.0
2016,,,,Briceni,0.0
2016,,,,Donduseni,0.0
2016,,,,Drochia,0.0
2016,,,,Edinet,0.0
2016,,,,Falesti,0.0
2016,,,,Floresti,0.0
2016,,,,Glodeni,0.0
2016,,,,Ocnita,0.0
2016,,,,Rascani,0.0
2016,,,,Sangerei,0.0
2016,,,,Soroca,0.0
2016,,,,Centre,0.0
2016,,,,Anenii Noi,0.0
2016,,,,Calarasi,0.0
2016,,,,Criuleni,0.0
2016,,,,Dubasari,0.0
2016,,,,Hancesti,0.0
2016,,,,Ialoveni,0.0
2016,,,,Nisporeni,0.0
2016,,,,Orhei,0.0
2016,,,,Rezina,0.0
2016,,,,Straseni,0.0
2016,,,,Soldanesti,0.0
2016,,,,Telenesti,0.0
2016,,,,Ungheni,0.0
2016,,,,South,0.0
2016,,,,Basarabeasca,0.0
2016,,,,Cahul,0.0
2016,,,,Cantemir,0.0
2016,,,,Causeni,0.0
2016,,,,Cimislia,0.0
2016,,,,Leova,0.0
2016,,,,Stefan Voda,0.0
2016,,,,Taraclia,0.0
2016,,,,ATU Gagauzia,0.0
2017,,,,,0.0
2017,Technogenic,,,,0.0
2017,Natural  (by genres),,,,0.0
2017,Social and biological,,,,0.0
2017,Fires,,,,0.0
2017,,0-17 years,,,0.0
2017,,18 years and over,,,0.0
2017,,,Men,,0.0
2017,,,Women,,0.0
2017,,,,Mun. Chisinau,0.0
2017,,,,North,0.0
2017,,,,mun. Balti,0.0
2017,,,,Briceni,0.0
2017,,,,Donduseni,0.0
2017,,,,Drochia,0.0
2017,,,,Edinet,0.0
2017,,,,Falesti,0.0
2017,,,,Floresti,0.0
2017,,,,Glodeni,0.0
2017,,,,Ocnita,0.0
2017,,,,Rascani,0.0
2017,,,,Sangerei,0.0
2017,,,,Soroca,0.0
2017,,,,Centre,0.0
2017,,,,Anenii Noi,0.0
2017,,,,Calarasi,0.0
2017,,,,Criuleni,0.0
2017,,,,Dubasari,0.0
2017,,,,Hancesti,0.0
2017,,,,Ialoveni,0.0
2017,,,,Nisporeni,0.0
2017,,,,Orhei,0.0
2017,,,,Rezina,0.0
2017,,,,Straseni,0.0
2017,,,,Soldanesti,0.0
2017,,,,Telenesti,0.0
2017,,,,Ungheni,0.0
2017,,,,South,0.0
2017,,,,Basarabeasca,0.0
2017,,,,Cahul,0.0
2017,,,,Cantemir,0.0
2017,,,,Causeni,0.0
2017,,,,Cimislia,0.0
2017,,,,Leova,0.0
2017,,,,Stefan Voda,0.0
2017,,,,Taraclia,0.0
2017,,,,ATU Gagauzia,0.0
2018,,,,,0.0
2018,Technogenic,,,,0.0
2018,Natural  (by genres),,,,0.0
2018,Social and biological,,,,0.0
2018,Fires,,,,0.0
2018,,0-17 years,,,0.0
2018,,18 years and over,,,0.0
2018,,,Men,,0.0
2018,,,Women,,0.0
2018,,,,Mun. Chisinau,0.0
2018,,,,North,0.0
2018,,,,mun. Balti,0.0
2018,,,,Briceni,0.0
2018,,,,Donduseni,0.0
2018,,,,Drochia,0.0
2018,,,,Edinet,0.0
2018,,,,Falesti,0.0
2018,,,,Floresti,0.0
2018,,,,Glodeni,0.0
2018,,,,Ocnita,0.0
2018,,,,Rascani,0.0
2018,,,,Sangerei,0.0
2018,,,,Soroca,0.0
2018,,,,Centre,0.0
2018,,,,Anenii Noi,0.0
2018,,,,Calarasi,0.0
2018,,,,Criuleni,0.0
2018,,,,Dubasari,0.0
2018,,,,Hancesti,0.0
2018,,,,Ialoveni,0.0
2018,,,,Nisporeni,0.0
2018,,,,Orhei,0.0
2018,,,,Rezina,0.0
2018,,,,Straseni,0.0
2018,,,,Soldanesti,0.0
2018,,,,Telenesti,0.0
2018,,,,Ungheni,0.0
2018,,,,South,0.0
2018,,,,Basarabeasca,0.0
2018,,,,Cahul,0.0
2018,,,,Cantemir,0.0
2018,,,,Causeni,0.0
2018,,,,Cimislia,0.0
2018,,,,Leova,0.0
2018,,,,Stefan Voda,0.0
2018,,,,Taraclia,0.0
2018,,,,ATU Gagauzia,0.0
2019,,,,,0.0
2019,Technogenic,,,,0.0
2019,Natural  (by genres),,,,0.0
2019,Social and biological,,,,0.0
2019,Fires,,,,0.0
2019,,0-17 years,,,0.0
2019,,18 years and over,,,0.0
2019,,,Men,,0.0
2019,,,Women,,0.0
2019,,,,Mun. Chisinau,0.0
2019,,,,North,0.0
2019,,,,mun. Balti,0.0
2019,,,,Briceni,0.0
2019,,,,Donduseni,0.0
2019,,,,Drochia,0.0
2019,,,,Edinet,0.0
2019,,,,Falesti,0.0
2019,,,,Floresti,0.0
2019,,,,Glodeni,0.0
2019,,,,Ocnita,0.0
2019,,,,Rascani,0.0
2019,,,,Sangerei,0.0
2019,,,,Soroca,0.0
2019,,,,Centre,0.0
2019,,,,Anenii Noi,0.0
2019,,,,Calarasi,0.0
2019,,,,Criuleni,0.0
2019,,,,Dubasari,0.0
2019,,,,Hancesti,0.0
2019,,,,Ialoveni,0.0
2019,,,,Nisporeni,0.0
2019,,,,Orhei,0.0
2019,,,,Rezina,0.0
2019,,,,Straseni,0.0
2019,,,,Soldanesti,0.0
2019,,,,Telenesti,0.0
2019,,,,Ungheni,0.0
2019,,,,South,0.0
2019,,,,Basarabeasca,0.0
2019,,,,Cahul,0.0
2019,,,,Cantemir,0.0
2019,,,,Causeni,0.0
2019,,,,Cimislia,0.0
2019,,,,Leova,0.0
2019,,,,Stefan Voda,0.0
2019,,,,Taraclia,0.0
2019,,,,ATU Gagauzia,0.0
2020,,,,,0.0
2020,Technogenic,,,,0.0
2020,Natural  (by genres),,,,0.0
2020,Social and biological,,,,0.0
2020,Fires,,,,0.0
2020,,0-17 years,,,0.0
2020,,18 years and over,,,0.0
2020,,,Men,,0.0
2020,,,Women,,0.0
2020,,,,Mun. Chisinau,0.0
2020,,,,North,0.0
2020,,,,mun. Balti,0.0
2020,,,,Briceni,0.0
2020,,,,Donduseni,0.0
2020,,,,Drochia,0.0
2020,,,,Edinet,0.0
2020,,,,Falesti,0.0
2020,,,,Floresti,0.0
2020,,,,Glodeni,0.0
2020,,,,Ocnita,0.0
2020,,,,Rascani,0.0
2020,,,,Sangerei,0.0
2020,,,,Soroca,0.0
2020,,,,Centre,0.0
2020,,,,Anenii Noi,0.0
2020,,,,Calarasi,0.0
2020,,,,Criuleni,0.0
2020,,,,Dubasari,0.0
2020,,,,Hancesti,0.0
2020,,,,Ialoveni,0.0
2020,,,,Nisporeni,0.0
2020,,,,Orhei,0.0
2020,,,,Rezina,0.0
2020,,,,Straseni,0.0
2020,,,,Soldanesti,0.0
2020,,,,Telenesti,0.0
2020,,,,Ungheni,0.0
2020,,,,South,0.0
2020,,,,Basarabeasca,0.0
2020,,,,Cahul,0.0
2020,,,,Cantemir,0.0
2020,,,,Causeni,0.0
2020,,,,Cimislia,0.0
2020,,,,Leova,0.0
2020,,,,Stefan Voda,0.0
2020,,,,Taraclia,0.0
2020,,,,ATU Gagauzia,0.0
2021,,,,,0.0
2021,Technogenic,,,,0.0
2021,Natural  (by genres),,,,0.0
2021,Social and biological,,,,0.0
2021,Fires,,,,0.0
2021,,0-17 years,,,0.0
2021,,18 years and over,,,0.0
2021,,,Men,,0.0
2021,,,Women,,0.0
2021,,,,Mun. Chisinau,0.0
2021,,,,North,0.0
2021,,,,mun. Balti,0.0
2021,,,,Briceni,0.0
2021,,,,Donduseni,0.0
2021,,,,Drochia,0.0
2021,,,,Edinet,0.0
2021,,,,Falesti,0.0
2021,,,,Floresti,0.0
2021,,,,Glodeni,0.0
2021,,,,Ocnita,0.0
2021,,,,Rascani,0.0
2021,,,,Sangerei,0.0
2021,,,,Soroca,0.0
2021,,,,Centre,0.0
2021,,,,Anenii Noi,0.0
2021,,,,Calarasi,0.0
2021,,,,Criuleni,0.0
2021,,,,Dubasari,0.0
2021,,,,Hancesti,0.0
2021,,,,Ialoveni,0.0
2021,,,,Nisporeni,0.0
2021,,,,Orhei,0.0
2021,,,,Rezina,0.0
2021,,,,Straseni,0.0
2021,,,,Soldanesti,0.0
2021,,,,Telenesti,0.0
2021,,,,Ungheni,0.0
2021,,,,South,0.0
2021,,,,Basarabeasca,0.0
2021,,,,Cahul,0.0
2021,,,,Cantemir,0.0
2021,,,,Causeni,0.0
2021,,,,Cimislia,0.0
2021,,,,Leova,0.0
2021,,,,Stefan Voda,0.0
2021,,,,Taraclia,0.0
2021,,,,ATU Gagauzia,0.0
2022,,,,,0.0
2022,Technogenic,,,,0.0
2022,Natural  (by genres),,,,0.0
2022,Social and biological,,,,0.0
2022,Fires,,,,0.0
2022,,0-17 years,,,0.0
2022,,18 years and over,,,0.0
2022,,,Men,,0.0
2022,,,Women,,0.0
2022,,,,Mun. Chisinau,0.0
2022,,,,North,0.0
2022,,,,mun. Balti,0.0
2022,,,,Briceni,0.0
2022,,,,Donduseni,0.0
2022,,,,Drochia,0.0
2022,,,,Edinet,0.0
2022,,,,Falesti,0.0
2022,,,,Floresti,0.0
2022,,,,Glodeni,0.0
2022,,,,Ocnita,0.0
2022,,,,Rascani,0.0
2022,,,,Sangerei,0.0
2022,,,,Soroca,0.0
2022,,,,Centre,0.0
2022,,,,Anenii Noi,0.0
2022,,,,Calarasi,0.0
2022,,,,Criuleni,0.0
2022,,,,Dubasari,0.0
2022,,,,Hancesti,0.0
2022,,,,Ialoveni,0.0
2022,,,,Nisporeni,0.0
2022,,,,Orhei,0.0
2022,,,,Rezina,0.0
2022,,,,Straseni,0.0
2022,,,,Soldanesti,0.0
2022,,,,Telenesti,0.0
2022,,,,Ungheni,0.0
2022,,,,South,0.0
2022,,,,Basarabeasca,0.0
2022,,,,Cahul,0.0
2022,,,,Cantemir,0.0
2022,,,,Causeni,0.0
2022,,,,Cimislia,0.0
2022,,,,Leova,0.0
2022,,,,Stefan Voda,0.0
2022,,,,Taraclia,0.0
2022,,,,ATU Gagauzia,0.0
2023,,,,,0.0
2023,Technogenic,,,,0.0
2023,Natural  (by genres),,,,0.0
2023,Social and biological,,,,0.0
2023,Fires,,,,0.0
2023,,0-17 years,,,0.0
2023,,18 years and over,,,0.0
2023,,,Men,,0.0
2023,,,Women,,0.0
2023,,,,Mun. Chisinau,0.0
2023,,,,North,0.0
2023,,,,mun. Balti,0.0
2023,,,,Briceni,0.0
2023,,,,Donduseni,0.0
2023,,,,Drochia,0.0
2023,,,,Edinet,0.0
2023,,,,Falesti,0.0
2023,,,,Floresti,0.0
2023,,,,Glodeni,0.0
2023,,,,Ocnita,0.0
2023,,,,Rascani,0.0
2023,,,,Sangerei,0.0
2023,,,,Soroca,0.0
2023,,,,Centre,0.0
2023,,,,Anenii Noi,0.0
2023,,,,Calarasi,0.0
2023,,,,Criuleni,0.0
2023,,,,Dubasari,0.0
2023,,,,Hancesti,0.0
2023,,,,Ialoveni,0.0
2023,,,,Nisporeni,0.0
2023,,,,Orhei,0.0
2023,,,,Rezina,0.0
2023,,,,Straseni,0.0
2023,,,,Soldanesti,0.0
2023,,,,Telenesti,0.0
2023,,,,Ungheni,0.0
2023,,,,South,0.0
2023,,,,Basarabeasca,0.0
2023,,,,Cahul,0.0
2023,,,,Cantemir,0.0
2023,,,,Causeni,0.0
2023,,,,Cimislia,0.0
2023,,,,Leova,0.0
2023,,,,Stefan Voda,0.0
2023,,,,Taraclia,0.0
2023,,,,ATU Gagauzia,0.0
2024,,,,,0.0
2024,Technogenic,,,,0.0
2024,Natural  (by genres),,,,0.0
2024,Social and biological,,,,0.0
2024,Fires,,,,0.0
2024,,0-17 years,,,0.0
2024,,18 years and over,,,0.0
2024,,,Men,,0.0
2024,,,Women,,0.0
2024,,,,Mun. Chisinau,0.0
2024,,,,North,0.0
2024,,,,mun. Balti,0.0
2024,,,,Briceni,0.0
2024,,,,Donduseni,0.0
2024,,,,Drochia,0.0
2024,,,,Edinet,0.0
2024,,,,Falesti,0.0
2024,,,,Floresti,0.0
2024,,,,Glodeni,0.0
2024,,,,Ocnita,0.0
2024,,,,Rascani,0.0
2024,,,,Sangerei,0.0
2024,,,,Soroca,0.0
2024,,,,Centre,0.0
2024,,,,Anenii Noi,0.0
2024,,,,Calarasi,0.0
2024,,,,Criuleni,0.0
2024,,,,Dubasari,0.0
2024,,,,Hancesti,0.0
2024,,,,Ialoveni,0.0
2024,,,,Nisporeni,0.0
2024,,,,Orhei,0.0
2024,,,,Rezina,0.0
2024,,,,Straseni,0.0
2024,,,,Soldanesti,0.0
2024,,,,Telenesti,0.0
2024,,,,Ungheni,0.0
2024,,,,South,0.0
2024,,,,Basarabeasca,0.0
2024,,,,Cahul,0.0
2024,,,,Cantemir,0.0
2024,,,,Causeni,0.0
2024,,,,Cimislia,0.0
2024,,,,Leova,0.0
2024,,,,Stefan Voda,0.0
2024,,,,Taraclia,0.0
2024,,,,ATU Gagauzia,0.0
