Year,Area of residence,Sex,Age group,Quintiles on consumption expenditures,Existence of disability,Value
2010,,,,,,
2010,Urban,,,,,
2010,Rural,,,,,
2010,,Men,,,,
2010,,Women,,,,
2010,,,0-17,,,
2010,,,18-29,,,
2010,,,30-39,,,
2010,,,40-49,,,
2010,,,50-59,,,
2010,,,60+,,,
2010,,,,I,,
2010,,,,II,,
2010,,,,III,,
2010,,,,IV,,
2010,,,,V,,
2010,,,,,People with disability,
2010,,,,,People without disability,
2011,,,,,,
2011,Urban,,,,,
2011,Rural,,,,,
2011,,Men,,,,
2011,,Women,,,,
2011,,,0-17,,,
2011,,,18-29,,,
2011,,,30-39,,,
2011,,,40-49,,,
2011,,,50-59,,,
2011,,,60+,,,
2011,,,,I,,
2011,,,,II,,
2011,,,,III,,
2011,,,,IV,,
2011,,,,V,,
2011,,,,,People with disability,
2011,,,,,People without disability,
2012,,,,,,
2012,Urban,,,,,
2012,Rural,,,,,
2012,,Men,,,,
2012,,Women,,,,
2012,,,0-17,,,
2012,,,18-29,,,
2012,,,30-39,,,
2012,,,40-49,,,
2012,,,50-59,,,
2012,,,60+,,,
2012,,,,I,,
2012,,,,II,,
2012,,,,III,,
2012,,,,IV,,
2012,,,,V,,
2012,,,,,People with disability,
2012,,,,,People without disability,
2013,,,,,,
2013,Urban,,,,,
2013,Rural,,,,,
2013,,Men,,,,
2013,,Women,,,,
2013,,,0-17,,,
2013,,,18-29,,,
2013,,,30-39,,,
2013,,,40-49,,,
2013,,,50-59,,,
2013,,,60+,,,
2013,,,,I,,
2013,,,,II,,
2013,,,,III,,
2013,,,,IV,,
2013,,,,V,,
2013,,,,,People with disability,
2013,,,,,People without disability,
2014,,,,,,21.478
2014,Urban,,,,,29.481
2014,Rural,,,,,15.723
2014,,Men,,,,22.651
2014,,Women,,,,20.444
2014,,,0-17,,,36.407
2014,,,18-29,,,28.537
2014,,,30-39,,,30.206
2014,,,40-49,,,19.644
2014,,,50-59,,,9.401
2014,,,60+,,,4.454
2014,,,,I,,35.64
2014,,,,II,,20.489
2014,,,,III,,19.098
2014,,,,IV,,15.752
2014,,,,V,,16.47
2014,,,,,People with disability,10.236
2014,,,,,People without disability,22.18
2015,,,,,,18.441
2015,Urban,,,,,27.14
2015,Rural,,,,,12.193
2015,,Men,,,,19.105
2015,,Women,,,,17.846
2015,,,0-17,,,33.373
2015,,,18-29,,,20.092
2015,,,30-39,,,29.2
2015,,,40-49,,,16.951
2015,,,50-59,,,6.664
2015,,,60+,,,4.795
2015,,,,I,,27.671
2015,,,,II,,17.782
2015,,,,III,,15.207
2015,,,,IV,,17.136
2015,,,,V,,14.421
2015,,,,,People with disability,8.855
2015,,,,,People without disability,19.222
2016,,,,,,18.893
2016,Urban,,,,,26.076
2016,Rural,,,,,13.722
2016,,Men,,,,19.866
2016,,Women,,,,18.046
2016,,,0-17,,,35.315
2016,,,18-29,,,22.298
2016,,,30-39,,,27.734
2016,,,40-49,,,16.016
2016,,,50-59,,,7.296
2016,,,60+,,,4.25
2016,,,,I,,29.441
2016,,,,II,,20.687
2016,,,,III,,15.487
2016,,,,IV,,14.55
2016,,,,V,,14.313
2016,,,,,People with disability,9.521
2016,,,,,People without disability,19.641
2017,,,,,,17.645
2017,Urban,,,,,24.546
2017,Rural,,,,,12.822
2017,,Men,,,,18.586
2017,,Women,,,,16.819
2017,,,0-17,,,31.902
2017,,,18-29,,,21.137
2017,,,30-39,,,27.58
2017,,,40-49,,,15.544
2017,,,50-59,,,5.762
2017,,,60+,,,4.987
2017,,,,I,,27.667
2017,,,,II,,17.873
2017,,,,III,,14.514
2017,,,,IV,,18.136
2017,,,,V,,10.027
2017,,,,,People with disability,9.52
2017,,,,,People without disability,18.275
2018,,,,,,16.821
2018,Urban,,,,,26.216
2018,Rural,,,,,10.28
2018,,Men,,,,17.207
2018,,Women,,,,16.48
2018,,,0-17,,,30.09
2018,,,18-29,,,23.658
2018,,,30-39,,,25.921
2018,,,40-49,,,13.607
2018,,,50-59,,,6.307
2018,,,60+,,,3.92
2018,,,,I,,28.195
2018,,,,II,,14.624
2018,,,,III,,15.259
2018,,,,IV,,11.96
2018,,,,V,,14.063
2018,,,,,People with disability,8.407
2018,,,,,People without disability,17.456
2019,,,,,,17.51
2019,Urban,,,,,23.364
2019,Rural,,,,,13.645
2019,,Men,,,,18.186
2019,,Women,,,,16.918
2019,,,0-17,,,33.81
2019,,,18-29,,,21.412
2019,,,30-39,,,26.422
2019,,,40-49,,,15.708
2019,,,50-59,,,5.053
2019,,,60+,,,3.787
2019,,,,I,,30.313
2019,,,,II,,19.353
2019,,,,III,,13.61
2019,,,,IV,,10.376
2019,,,,V,,13.878
2019,,,,,People with disability,9.13
2019,,,,,People without disability,18.074
2020,,,,,,16.991
2020,Urban,,,,,23.284
2020,Rural,,,,,12.844
2020,,Men,,,,17.618
2020,,Women,,,,16.418
2020,,,0-17,,,33.25
2020,,,18-29,,,18.985
2020,,,30-39,,,26.663
2020,,,40-49,,,16.993
2020,,,50-59,,,5.252
2020,,,60+,,,2.928
2020,,,,I,,28.918
2020,,,,II,,16.109
2020,,,,III,,15.935
2020,,,,IV,,13.842
2020,,,,V,,10.157
2020,,,,,People with disability,10.213
2020,,,,,People without disability,17.499
2021,,,,,,17.045
2021,Urban,,,,,24.139
2021,Rural,,,,,12.382
2021,,Men,,,,18.097
2021,,Women,,,,16.159
2021,,,0-17,,,32.812
2021,,,18-29,,,21.739
2021,,,30-39,,,28.779
2021,,,40-49,,,14.968
2021,,,50-59,,,5.959
2021,,,60+,,,3.189
2021,,,,I,,31.099
2021,,,,II,,13.273
2021,,,,III,,13.342
2021,,,,IV,,16.406
2021,,,,V,,11.044
2021,,,,,People with disability,8.96
2021,,,,,People without disability,17.631
2022,,,,,,16.067
2022,Urban,,,,,25.424
2022,Rural,,,,,9.922
2022,,Men,,,,17.12
2022,,Women,,,,15.176
2022,,,0-17,,,32.962
2022,,,18-29,,,19.724
2022,,,30-39,,,26.999
2022,,,40-49,,,15.109
2022,,,50-59,,,4.227
2022,,,60+,,,2.561
2022,,,,I,,27.154
2022,,,,II,,18.135
2022,,,,III,,9.702
2022,,,,IV,,13.852
2022,,,,V,,11.481
2022,,,,,People with disability,7.826
2022,,,,,People without disability,16.657
2023,,,,,,18.552
2023,Urban,,,,,26.978
2023,Rural,,,,,12.217
2023,,Men,,,,20.495
2023,,Women,,,,16.916
2023,,,0-17,,,37.354
2023,,,18-29,,,25.192
2023,,,30-39,,,31.909
2023,,,40-49,,,16.407
2023,,,50-59,,,6.024
2023,,,60+,,,2.476
2023,,,,I,,29.291
2023,,,,II,,17.835
2023,,,,III,,15.757
2023,,,,IV,,16.918
2023,,,,V,,12.957
2023,,,,,People with disability,8.624
2023,,,,,People without disability,19.139
