Year,Children engaged in economic activity - Age group / Sex,Children engaged in economic activity and household chores - Age group / Sex ,Value
2009,,,
2009,5-17 / Both sexes,,
2009,5-17 / Men,,
2009,5-17 / Women,,
2009,5-11 / Both sexes,,
2009,5-11 / Men,,
2009,5-11 / Women,,
2009,12-14 / Both sexes,,
2009,12-14 / Men,,
2009,12-14 / Women,,
2009,15-17 / Both sexes,,
2009,15-17 / Men,,
2009,15-17 / Women,,
2009,,5-17 / Both sexes,
2009,,5-17 / Men,
2009,,5-17 / Women,
2009,,5-11 / Both sexes,
2009,,5-11 / Men,
2009,,5-11 / Women,
2009,,12-14 / Both sexes,
2009,,12-14 / Men,
2009,,12-14 / Women,
2009,,15-17 / Both sexes,
2009,,15-17 / Men,
2009,,15-17 / Women,
2010,,,
2010,5-17 / Both sexes,,
2010,5-17 / Men,,
2010,5-17 / Women,,
2010,5-11 / Both sexes,,
2010,5-11 / Men,,
2010,5-11 / Women,,
2010,12-14 / Both sexes,,
2010,12-14 / Men,,
2010,12-14 / Women,,
2010,15-17 / Both sexes,,
2010,15-17 / Men,,
2010,15-17 / Women,,
2010,,5-17 / Both sexes,
2010,,5-17 / Men,
2010,,5-17 / Women,
2010,,5-11 / Both sexes,
2010,,5-11 / Men,
2010,,5-11 / Women,
2010,,12-14 / Both sexes,
2010,,12-14 / Men,
2010,,12-14 / Women,
2010,,15-17 / Both sexes,
2010,,15-17 / Men,
2010,,15-17 / Women,
2011,,,
2011,5-17 / Both sexes,,
2011,5-17 / Men,,
2011,5-17 / Women,,
2011,5-11 / Both sexes,,
2011,5-11 / Men,,
2011,5-11 / Women,,
2011,12-14 / Both sexes,,
2011,12-14 / Men,,
2011,12-14 / Women,,
2011,15-17 / Both sexes,,
2011,15-17 / Men,,
2011,15-17 / Women,,
2011,,5-17 / Both sexes,
2011,,5-17 / Men,
2011,,5-17 / Women,
2011,,5-11 / Both sexes,
2011,,5-11 / Men,
2011,,5-11 / Women,
2011,,12-14 / Both sexes,
2011,,12-14 / Men,
2011,,12-14 / Women,
2011,,15-17 / Both sexes,
2011,,15-17 / Men,
2011,,15-17 / Women,
2012,,,
2012,5-17 / Both sexes,,
2012,5-17 / Men,,
2012,5-17 / Women,,
2012,5-11 / Both sexes,,
2012,5-11 / Men,,
2012,5-11 / Women,,
2012,12-14 / Both sexes,,
2012,12-14 / Men,,
2012,12-14 / Women,,
2012,15-17 / Both sexes,,
2012,15-17 / Men,,
2012,15-17 / Women,,
2012,,5-17 / Both sexes,
2012,,5-17 / Men,
2012,,5-17 / Women,
2012,,5-11 / Both sexes,
2012,,5-11 / Men,
2012,,5-11 / Women,
2012,,12-14 / Both sexes,
2012,,12-14 / Men,
2012,,12-14 / Women,
2012,,15-17 / Both sexes,
2012,,15-17 / Men,
2012,,15-17 / Women,
2013,,,
2013,5-17 / Both sexes,,
2013,5-17 / Men,,
2013,5-17 / Women,,
2013,5-11 / Both sexes,,
2013,5-11 / Men,,
2013,5-11 / Women,,
2013,12-14 / Both sexes,,
2013,12-14 / Men,,
2013,12-14 / Women,,
2013,15-17 / Both sexes,,
2013,15-17 / Men,,
2013,15-17 / Women,,
2013,,5-17 / Both sexes,
2013,,5-17 / Men,
2013,,5-17 / Women,
2013,,5-11 / Both sexes,
2013,,5-11 / Men,
2013,,5-11 / Women,
2013,,12-14 / Both sexes,
2013,,12-14 / Men,
2013,,12-14 / Women,
2013,,15-17 / Both sexes,
2013,,15-17 / Men,
2013,,15-17 / Women,
2014,,,
2014,5-17 / Both sexes,,
2014,5-17 / Men,,
2014,5-17 / Women,,
2014,5-11 / Both sexes,,
2014,5-11 / Men,,
2014,5-11 / Women,,
2014,12-14 / Both sexes,,
2014,12-14 / Men,,
2014,12-14 / Women,,
2014,15-17 / Both sexes,,
2014,15-17 / Men,,
2014,15-17 / Women,,
2014,,5-17 / Both sexes,
2014,,5-17 / Men,
2014,,5-17 / Women,
2014,,5-11 / Both sexes,
2014,,5-11 / Men,
2014,,5-11 / Women,
2014,,12-14 / Both sexes,
2014,,12-14 / Men,
2014,,12-14 / Women,
2014,,15-17 / Both sexes,
2014,,15-17 / Men,
2014,,15-17 / Women,
2015,,,
2015,5-17 / Both sexes,,
2015,5-17 / Men,,
2015,5-17 / Women,,
2015,5-11 / Both sexes,,
2015,5-11 / Men,,
2015,5-11 / Women,,
2015,12-14 / Both sexes,,
2015,12-14 / Men,,
2015,12-14 / Women,,
2015,15-17 / Both sexes,,
2015,15-17 / Men,,
2015,15-17 / Women,,
2015,,5-17 / Both sexes,
2015,,5-17 / Men,
2015,,5-17 / Women,
2015,,5-11 / Both sexes,
2015,,5-11 / Men,
2015,,5-11 / Women,
2015,,12-14 / Both sexes,
2015,,12-14 / Men,
2015,,12-14 / Women,
2015,,15-17 / Both sexes,
2015,,15-17 / Men,
2015,,15-17 / Women,
2016,,,
2016,5-17 / Both sexes,,
2016,5-17 / Men,,
2016,5-17 / Women,,
2016,5-11 / Both sexes,,
2016,5-11 / Men,,
2016,5-11 / Women,,
2016,12-14 / Both sexes,,
2016,12-14 / Men,,
2016,12-14 / Women,,
2016,15-17 / Both sexes,,
2016,15-17 / Men,,
2016,15-17 / Women,,
2016,,5-17 / Both sexes,
2016,,5-17 / Men,
2016,,5-17 / Women,
2016,,5-11 / Both sexes,
2016,,5-11 / Men,
2016,,5-11 / Women,
2016,,12-14 / Both sexes,
2016,,12-14 / Men,
2016,,12-14 / Women,
2016,,15-17 / Both sexes,
2016,,15-17 / Men,
2016,,15-17 / Women,
2017,,,
2017,5-17 / Both sexes,,
2017,5-17 / Men,,
2017,5-17 / Women,,
2017,5-11 / Both sexes,,
2017,5-11 / Men,,
2017,5-11 / Women,,
2017,12-14 / Both sexes,,
2017,12-14 / Men,,
2017,12-14 / Women,,
2017,15-17 / Both sexes,,
2017,15-17 / Men,,
2017,15-17 / Women,,
2017,,5-17 / Both sexes,
2017,,5-17 / Men,
2017,,5-17 / Women,
2017,,5-11 / Both sexes,
2017,,5-11 / Men,
2017,,5-11 / Women,
2017,,12-14 / Both sexes,
2017,,12-14 / Men,
2017,,12-14 / Women,
2017,,15-17 / Both sexes,
2017,,15-17 / Men,
2017,,15-17 / Women,
2018,,,
2018,5-17 / Both sexes,,
2018,5-17 / Men,,
2018,5-17 / Women,,
2018,5-11 / Both sexes,,
2018,5-11 / Men,,
2018,5-11 / Women,,
2018,12-14 / Both sexes,,
2018,12-14 / Men,,
2018,12-14 / Women,,
2018,15-17 / Both sexes,,
2018,15-17 / Men,,
2018,15-17 / Women,,
2018,,5-17 / Both sexes,
2018,,5-17 / Men,
2018,,5-17 / Women,
2018,,5-11 / Both sexes,
2018,,5-11 / Men,
2018,,5-11 / Women,
2018,,12-14 / Both sexes,
2018,,12-14 / Men,
2018,,12-14 / Women,
2018,,15-17 / Both sexes,
2018,,15-17 / Men,
2018,,15-17 / Women,
2019,,,
2019,5-17 / Both sexes,,
2019,5-17 / Men,,
2019,5-17 / Women,,
2019,5-11 / Both sexes,,
2019,5-11 / Men,,
2019,5-11 / Women,,
2019,12-14 / Both sexes,,
2019,12-14 / Men,,
2019,12-14 / Women,,
2019,15-17 / Both sexes,,
2019,15-17 / Men,,
2019,15-17 / Women,,
2019,,5-17 / Both sexes,
2019,,5-17 / Men,
2019,,5-17 / Women,
2019,,5-11 / Both sexes,
2019,,5-11 / Men,
2019,,5-11 / Women,
2019,,12-14 / Both sexes,
2019,,12-14 / Men,
2019,,12-14 / Women,
2019,,15-17 / Both sexes,
2019,,15-17 / Men,
2019,,15-17 / Women,
2020,,,
2020,5-17 / Both sexes,,
2020,5-17 / Men,,
2020,5-17 / Women,,
2020,5-11 / Both sexes,,
2020,5-11 / Men,,
2020,5-11 / Women,,
2020,12-14 / Both sexes,,
2020,12-14 / Men,,
2020,12-14 / Women,,
2020,15-17 / Both sexes,,
2020,15-17 / Men,,
2020,15-17 / Women,,
2020,,5-17 / Both sexes,
2020,,5-17 / Men,
2020,,5-17 / Women,
2020,,5-11 / Both sexes,
2020,,5-11 / Men,
2020,,5-11 / Women,
2020,,12-14 / Both sexes,
2020,,12-14 / Men,
2020,,12-14 / Women,
2020,,15-17 / Both sexes,
2020,,15-17 / Men,
2020,,15-17 / Women,
2021,,,
2021,5-17 / Both sexes,,
2021,5-17 / Men,,
2021,5-17 / Women,,
2021,5-11 / Both sexes,,
2021,5-11 / Men,,
2021,5-11 / Women,,
2021,12-14 / Both sexes,,
2021,12-14 / Men,,
2021,12-14 / Women,,
2021,15-17 / Both sexes,,
2021,15-17 / Men,,
2021,15-17 / Women,,
2021,,5-17 / Both sexes,
2021,,5-17 / Men,
2021,,5-17 / Women,
2021,,5-11 / Both sexes,
2021,,5-11 / Men,
2021,,5-11 / Women,
2021,,12-14 / Both sexes,
2021,,12-14 / Men,
2021,,12-14 / Women,
2021,,15-17 / Both sexes,
2021,,15-17 / Men,
2021,,15-17 / Women,
2022,,,
2022,5-17 / Both sexes,,
2022,5-17 / Men,,
2022,5-17 / Women,,
2022,5-11 / Both sexes,,
2022,5-11 / Men,,
2022,5-11 / Women,,
2022,12-14 / Both sexes,,
2022,12-14 / Men,,
2022,12-14 / Women,,
2022,15-17 / Both sexes,,
2022,15-17 / Men,,
2022,15-17 / Women,,
2022,,5-17 / Both sexes,
2022,,5-17 / Men,
2022,,5-17 / Women,
2022,,5-11 / Both sexes,
2022,,5-11 / Men,
2022,,5-11 / Women,
2022,,12-14 / Both sexes,
2022,,12-14 / Men,
2022,,12-14 / Women,
2022,,15-17 / Both sexes,
2022,,15-17 / Men,
2022,,15-17 / Women,
2023,,,
2023,5-17 / Both sexes,,
2023,5-17 / Men,,
2023,5-17 / Women,,
2023,5-11 / Both sexes,,
2023,5-11 / Men,,
2023,5-11 / Women,,
2023,12-14 / Both sexes,,
2023,12-14 / Men,,
2023,12-14 / Women,,
2023,15-17 / Both sexes,,
2023,15-17 / Men,,
2023,15-17 / Women,,
2023,,5-17 / Both sexes,
2023,,5-17 / Men,
2023,,5-17 / Women,
2023,,5-11 / Both sexes,
2023,,5-11 / Men,
2023,,5-11 / Women,
2023,,12-14 / Both sexes,
2023,,12-14 / Men,
2023,,12-14 / Women,
2023,,15-17 / Both sexes,
2023,,15-17 / Men,
2023,,15-17 / Women,
2024,,,
2024,5-17 / Both sexes,,
2024,5-17 / Men,,
2024,5-17 / Women,,
2024,5-11 / Both sexes,,
2024,5-11 / Men,,
2024,5-11 / Women,,
2024,12-14 / Both sexes,,
2024,12-14 / Men,,
2024,12-14 / Women,,
2024,15-17 / Both sexes,,
2024,15-17 / Men,,
2024,15-17 / Women,,
2024,,5-17 / Both sexes,
2024,,5-17 / Men,
2024,,5-17 / Women,
2024,,5-11 / Both sexes,
2024,,5-11 / Men,
2024,,5-11 / Women,
2024,,12-14 / Both sexes,
2024,,12-14 / Men,
2024,,12-14 / Women,
2024,,15-17 / Both sexes,
2024,,15-17 / Men,
2024,,15-17 / Women,
2025,,,11.833
2025,5-17 / Both sexes,,11.833
2025,5-17 / Men,,13.275
2025,5-17 / Women,,10.309
2025,5-11 / Both sexes,,20.369
2025,5-11 / Men,,22.757
2025,5-11 / Women,,17.86
2025,12-14 / Both sexes,,1.352
2025,12-14 / Men,,1.284
2025,12-14 / Women,,1.422
2025,15-17 / Both sexes,,0.804
2025,15-17 / Men,,1.541
2025,15-17 / Women,,
2025,,5-17 / Both sexes,13.252
2025,,5-17 / Men,13.864
2025,,5-17 / Women,12.606
2025,,5-11 / Both sexes,20.656
2025,,5-11 / Men,22.89
2025,,5-11 / Women,18.308
2025,,12-14 / Both sexes,6.81
2025,,12-14 / Men,3.532
2025,,12-14 / Women,10.211
2025,,15-17 / Both sexes,0.804
2025,,15-17 / Men,1.541
2025,,15-17 / Women,
