Year,Sex,Nivel de instruire,Institutions where have been made payments,Value
2010,,,,
2010,Men,,,
2010,Women,,,
2010,,Secondary,,
2010,,Secondary specialized,,
2010,,Higher,,
2010,,,Tax inspectorates,
2010,,,Customs,
2010,,,Police,
2010,,,Prosecution,
2010,,,Sanitary-epidemiological inspections,
2010,,,Cadastral offices / services,
2010,,,Courts,
2010,,,Public procurement,
2010,,,Registration of the transport and issuance of the driving license,
2010,,,Technical overhaul of cars,
2010,,,Issuing construction permits,
2010,,,Work inspection,
2011,,,,
2011,Men,,,
2011,Women,,,
2011,,Secondary,,
2011,,Secondary specialized,,
2011,,Higher,,
2011,,,Tax inspectorates,
2011,,,Customs,
2011,,,Police,
2011,,,Prosecution,
2011,,,Sanitary-epidemiological inspections,
2011,,,Cadastral offices / services,
2011,,,Courts,
2011,,,Public procurement,
2011,,,Registration of the transport and issuance of the driving license,
2011,,,Technical overhaul of cars,
2011,,,Issuing construction permits,
2011,,,Work inspection,
2012,,,,47.8
2012,Men,,,
2012,Women,,,
2012,,Secondary,,
2012,,Secondary specialized,,
2012,,Higher,,
2012,,,Tax inspectorates,14.2
2012,,,Customs,19.0
2012,,,Police,15.7
2012,,,Prosecution,2.0
2012,,,Sanitary-epidemiological inspections,12.1
2012,,,Cadastral offices / services,5.1
2012,,,Courts,3.1
2012,,,Public procurement,0.4
2012,,,Registration of the transport and issuance of the driving license,6.5
2012,,,Technical overhaul of cars,13.2
2012,,,Issuing construction permits,4.1
2012,,,Work inspection,4.1
2013,,,,
2013,Men,,,
2013,Women,,,
2013,,Secondary,,
2013,,Secondary specialized,,
2013,,Higher,,
2013,,,Tax inspectorates,
2013,,,Customs,
2013,,,Police,
2013,,,Prosecution,
2013,,,Sanitary-epidemiological inspections,
2013,,,Cadastral offices / services,
2013,,,Courts,
2013,,,Public procurement,
2013,,,Registration of the transport and issuance of the driving license,
2013,,,Technical overhaul of cars,
2013,,,Issuing construction permits,
2013,,,Work inspection,
2014,,,,24.5
2014,Men,,,
2014,Women,,,
2014,,Secondary,,
2014,,Secondary specialized,,
2014,,Higher,,
2014,,,Tax inspectorates,5.5
2014,,,Customs,7.6
2014,,,Police,7.2
2014,,,Prosecution,1.1
2014,,,Sanitary-epidemiological inspections,5.7
2014,,,Cadastral offices / services,1.5
2014,,,Courts,3.5
2014,,,Public procurement,1.5
2014,,,Registration of the transport and issuance of the driving license,3.1
2014,,,Technical overhaul of cars,6.4
2014,,,Issuing construction permits,2.6
2014,,,Work inspection,3.5
2015,,,,16.2
2015,Men,,,23.0
2015,Women,,,10.4
2015,,Secondary,,18.8
2015,,Secondary specialized,,9.4
2015,,Higher,,17.9
2015,,,Tax inspectorates,5.7
2015,,,Customs,3.3
2015,,,Police,4.9
2015,,,Prosecution,0.4
2015,,,Sanitary-epidemiological inspections,3.1
2015,,,Cadastral offices / services,0.0
2015,,,Courts,1.0
2015,,,Public procurement,0.4
2015,,,Registration of the transport and issuance of the driving license,2.5
2015,,,Technical overhaul of cars,4.3
2015,,,Issuing construction permits,1.4
2015,,,Work inspection,2.9
2016,,,,
2016,Men,,,
2016,Women,,,
2016,,Secondary,,
2016,,Secondary specialized,,
2016,,Higher,,
2016,,,Tax inspectorates,
2016,,,Customs,
2016,,,Police,
2016,,,Prosecution,
2016,,,Sanitary-epidemiological inspections,
2016,,,Cadastral offices / services,
2016,,,Courts,
2016,,,Public procurement,
2016,,,Registration of the transport and issuance of the driving license,
2016,,,Technical overhaul of cars,
2016,,,Issuing construction permits,
2016,,,Work inspection,
2017,,,,
2017,Men,,,
2017,Women,,,
2017,,Secondary,,
2017,,Secondary specialized,,
2017,,Higher,,
2017,,,Tax inspectorates,
2017,,,Customs,
2017,,,Police,
2017,,,Prosecution,
2017,,,Sanitary-epidemiological inspections,
2017,,,Cadastral offices / services,
2017,,,Courts,
2017,,,Public procurement,
2017,,,Registration of the transport and issuance of the driving license,
2017,,,Technical overhaul of cars,
2017,,,Issuing construction permits,
2017,,,Work inspection,
2018,,,,4.6
2018,Men,,,4.9
2018,Women,,,4.2
2018,,Secondary,,4.3
2018,,Secondary specialized,,4.1
2018,,Higher,,4.5
2018,,,Tax inspectorates,1.5
2018,,,Customs,1.1
2018,,,Police,1.5
2018,,,Prosecution,0.2
2018,,,Sanitary-epidemiological inspections,1.3
2018,,,Cadastral offices / services,0.2
2018,,,Courts,0.2
2018,,,Public procurement,0.2
2018,,,Registration of the transport and issuance of the driving license,0.2
2018,,,Technical overhaul of cars,0.8
2018,,,Issuing construction permits,0.2
2018,,,Work inspection,0.8
2019,,,,
2019,Men,,,
2019,Women,,,
2019,,Secondary,,
2019,,Secondary specialized,,
2019,,Higher,,
2019,,,Tax inspectorates,
2019,,,Customs,
2019,,,Police,
2019,,,Prosecution,
2019,,,Sanitary-epidemiological inspections,
2019,,,Cadastral offices / services,
2019,,,Courts,
2019,,,Public procurement,
2019,,,Registration of the transport and issuance of the driving license,
2019,,,Technical overhaul of cars,
2019,,,Issuing construction permits,
2019,,,Work inspection,
2020,,,,
2020,Men,,,
2020,Women,,,
2020,,Secondary,,
2020,,Secondary specialized,,
2020,,Higher,,
2020,,,Tax inspectorates,
2020,,,Customs,
2020,,,Police,
2020,,,Prosecution,
2020,,,Sanitary-epidemiological inspections,
2020,,,Cadastral offices / services,
2020,,,Courts,
2020,,,Public procurement,
2020,,,Registration of the transport and issuance of the driving license,
2020,,,Technical overhaul of cars,
2020,,,Issuing construction permits,
2020,,,Work inspection,
2021,,,,
2021,Men,,,
2021,Women,,,
2021,,Secondary,,
2021,,Secondary specialized,,
2021,,Higher,,
2021,,,Tax inspectorates,
2021,,,Customs,
2021,,,Police,
2021,,,Prosecution,
2021,,,Sanitary-epidemiological inspections,
2021,,,Cadastral offices / services,
2021,,,Courts,
2021,,,Public procurement,
2021,,,Registration of the transport and issuance of the driving license,
2021,,,Technical overhaul of cars,
2021,,,Issuing construction permits,
2021,,,Work inspection,
2022,,,,
2022,Men,,,
2022,Women,,,
2022,,Secondary,,
2022,,Secondary specialized,,
2022,,Higher,,
2022,,,Tax inspectorates,
2022,,,Customs,
2022,,,Police,
2022,,,Prosecution,
2022,,,Sanitary-epidemiological inspections,
2022,,,Cadastral offices / services,
2022,,,Courts,
2022,,,Public procurement,
2022,,,Registration of the transport and issuance of the driving license,
2022,,,Technical overhaul of cars,
2022,,,Issuing construction permits,
2022,,,Work inspection,
