Year,Mediul de reședință,Sex,Grupa de vârstă,Quintile pe cheltuielile de consum,Existența dizabilității,Value
2010,,,,,,
2010,Urban,,,,,
2010,Rural,,,,,
2010,,Bărbați,,,,
2010,,Femei,,,,
2010,,,0-17,,,
2010,,,18-29,,,
2010,,,30-39,,,
2010,,,40-49,,,
2010,,,50-59,,,
2010,,,60+,,,
2010,,,,I,,
2010,,,,II,,
2010,,,,III,,
2010,,,,IV,,
2010,,,,V,,
2010,,,,,Persoane cu dizabilitate,
2010,,,,,Persoane fără dizabilitate,
2011,,,,,,
2011,Urban,,,,,
2011,Rural,,,,,
2011,,Bărbați,,,,
2011,,Femei,,,,
2011,,,0-17,,,
2011,,,18-29,,,
2011,,,30-39,,,
2011,,,40-49,,,
2011,,,50-59,,,
2011,,,60+,,,
2011,,,,I,,
2011,,,,II,,
2011,,,,III,,
2011,,,,IV,,
2011,,,,V,,
2011,,,,,Persoane cu dizabilitate,
2011,,,,,Persoane fără dizabilitate,
2012,,,,,,
2012,Urban,,,,,
2012,Rural,,,,,
2012,,Bărbați,,,,
2012,,Femei,,,,
2012,,,0-17,,,
2012,,,18-29,,,
2012,,,30-39,,,
2012,,,40-49,,,
2012,,,50-59,,,
2012,,,60+,,,
2012,,,,I,,
2012,,,,II,,
2012,,,,III,,
2012,,,,IV,,
2012,,,,V,,
2012,,,,,Persoane cu dizabilitate,
2012,,,,,Persoane fără dizabilitate,
2013,,,,,,
2013,Urban,,,,,
2013,Rural,,,,,
2013,,Bărbați,,,,
2013,,Femei,,,,
2013,,,0-17,,,
2013,,,18-29,,,
2013,,,30-39,,,
2013,,,40-49,,,
2013,,,50-59,,,
2013,,,60+,,,
2013,,,,I,,
2013,,,,II,,
2013,,,,III,,
2013,,,,IV,,
2013,,,,V,,
2013,,,,,Persoane cu dizabilitate,
2013,,,,,Persoane fără dizabilitate,
2014,,,,,,19.6
2014,Urban,,,,,22.6
2014,Rural,,,,,17.5
2014,,Bărbați,,,,18.4
2014,,Femei,,,,20.7
2014,,,0-17,,,17.4
2014,,,18-29,,,17.3
2014,,,30-39,,,17.8
2014,,,40-49,,,15.2
2014,,,50-59,,,19.2
2014,,,60+,,,29.5
2014,,,,I,,14.7
2014,,,,II,,15.7
2014,,,,III,,20.0
2014,,,,IV,,22.1
2014,,,,V,,25.7
2014,,,,,Persoane cu dizabilitate,23.1
2014,,,,,Persoane fără dizabilitate,19.4
2015,,,,,,17.4
2015,Urban,,,,,19.2
2015,Rural,,,,,16.1
2015,,Bărbați,,,,15.8
2015,,Femei,,,,18.8
2015,,,0-17,,,13.4
2015,,,18-29,,,14.8
2015,,,30-39,,,13.5
2015,,,40-49,,,15.8
2015,,,50-59,,,17.4
2015,,,60+,,,28.1
2015,,,,I,,12.8
2015,,,,II,,13.8
2015,,,,III,,17.0
2015,,,,IV,,19.5
2015,,,,V,,23.8
2015,,,,,Persoane cu dizabilitate,23.2
2015,,,,,Persoane fără dizabilitate,16.9
2016,,,,,,17.2
2016,Urban,,,,,19.3
2016,Rural,,,,,15.8
2016,,Bărbați,,,,15.4
2016,,Femei,,,,18.9
2016,,,0-17,,,13.1
2016,,,18-29,,,16.2
2016,,,30-39,,,13.1
2016,,,40-49,,,15.2
2016,,,50-59,,,18.2
2016,,,60+,,,26.1
2016,,,,I,,12.9
2016,,,,II,,15.5
2016,,,,III,,17.9
2016,,,,IV,,19.6
2016,,,,V,,20.4
2016,,,,,Persoane cu dizabilitate,22.2
2016,,,,,Persoane fără dizabilitate,16.8
2017,,,,,,16.4
2017,Urban,,,,,19.1
2017,Rural,,,,,14.5
2017,,Bărbați,,,,14.6
2017,,Femei,,,,17.9
2017,,,0-17,,,12.3
2017,,,18-29,,,14.8
2017,,,30-39,,,13.9
2017,,,40-49,,,12.6
2017,,,50-59,,,17.8
2017,,,60+,,,25.1
2017,,,,I,,11.2
2017,,,,II,,12.7
2017,,,,III,,16.5
2017,,,,IV,,20.1
2017,,,,V,,21.5
2017,,,,,Persoane cu dizabilitate,20.4
2017,,,,,Persoane fără dizabilitate,15.9
2018,,,,,,15.7
2018,Urban,,,,,17.5
2018,Rural,,,,,14.5
2018,,Bărbați,,,,14.1
2018,,Femei,,,,17.2
2018,,,0-17,,,12.3
2018,,,18-29,,,14.9
2018,,,30-39,,,12.8
2018,,,40-49,,,12.5
2018,,,50-59,,,16.2
2018,,,60+,,,23.8
2018,,,,I,,12.6
2018,,,,II,,13.2
2018,,,,III,,14.5
2018,,,,IV,,18.2
2018,,,,V,,20.2
2018,,,,,Persoane cu dizabilitate,19.4
2018,,,,,Persoane fără dizabilitate,15.4
2019,,,,,,11.482
2019,Urban,,,,,12.21
2019,Rural,,,,,11.002
2019,,Bărbați,,,,10.519
2019,,Femei,,,,12.325
2019,,,0-17,,,9.541
2019,,,18-29,,,10.147
2019,,,30-39,,,10.75
2019,,,40-49,,,8.332
2019,,,50-59,,,11.71
2019,,,60+,,,16.616
2019,,,,I,,8.022
2019,,,,II,,8.63
2019,,,,III,,13.036
2019,,,,IV,,12.309
2019,,,,V,,15.413
2019,,,,,Persoane cu dizabilitate,12.879
2019,,,,,Persoane fără dizabilitate,11.319
2020,,,,,,10.673
2020,Urban,,,,,11.698
2020,Rural,,,,,9.997
2020,,Bărbați,,,,9.882
2020,,Femei,,,,11.394
2020,,,0-17,,,8.012
2020,,,18-29,,,11.569
2020,,,30-39,,,8.394
2020,,,40-49,,,9.369
2020,,,50-59,,,10.525
2020,,,60+,,,15.112
2020,,,,I,,5.912
2020,,,,II,,8.949
2020,,,,III,,10.259
2020,,,,IV,,13.577
2020,,,,V,,14.668
2020,,,,,Persoane cu dizabilitate,14.161
2020,,,,,Persoane fără dizabilitate,10.36
2021,,,,,,9.582
2021,Urban,,,,,9.948
2021,Rural,,,,,9.341
2021,,Bărbați,,,,8.595
2021,,Femei,,,,10.412
2021,,,0-17,,,6.767
2021,,,18-29,,,9.739
2021,,,30-39,,,6.933
2021,,,40-49,,,6.708
2021,,,50-59,,,10.289
2021,,,60+,,,14.827
2021,,,,I,,6.379
2021,,,,II,,6.144
2021,,,,III,,9.784
2021,,,,IV,,14.61
2021,,,,V,,10.984
2021,,,,,Persoane cu dizabilitate,13.158
2021,,,,,Persoane fără dizabilitate,9.302
2022,,,,,,10.09
2022,Urban,,,,,9.898
2022,Rural,,,,,10.216
2022,,Bărbați,,,,8.401
2022,,Femei,,,,11.52
2022,,,0-17,,,6.51
2022,,,18-29,,,12.369
2022,,,30-39,,,6.175
2022,,,40-49,,,7.112
2022,,,50-59,,,12.531
2022,,,60+,,,14.525
2022,,,,I,,4.791
2022,,,,II,,8.834
2022,,,,III,,11.058
2022,,,,IV,,11.546
2022,,,,V,,14.223
2022,,,,,Persoane cu dizabilitate,13.369
2022,,,,,Persoane fără dizabilitate,9.832
2023,,,,,,13.616
2023,Urban,,,,,12.816
2023,Rural,,,,,14.217
2023,,Bărbați,,,,11.851
2023,,Femei,,,,15.101
2023,,,0-17,,,10.877
2023,,,18-29,,,13.49
2023,,,30-39,,,9.8
2023,,,40-49,,,12.204
2023,,,50-59,,,11.091
2023,,,60+,,,20.616
2023,,,,I,,9.645
2023,,,,II,,9.587
2023,,,,III,,14.297
2023,,,,IV,,18.383
2023,,,,V,,16.154
2023,,,,,Persoane cu dizabilitate,12.916
2023,,,,,Persoane fără dizabilitate,13.548
